"Kappa_Tau:0","Kappa_Tau:1","Rho 1","Rho 2","Temperature","Velocity:0","Velocity:1","Velocity:2","vtkValidPointMask","arc_length","Points:0","Points:1","Points:2"
0.021678,3.6442e-05,1,0,0.0084919,0,0,-1,1,0,0.125,0.075,0.256
0.021678,3.6442e-05,1,0,0.71909,0,0,-1,1,0.000256,0.125,0.075,0.25574
0.021678,3.6442e-05,1,0,1.4297,0,0,-1,1,0.000512,0.125,0.075,0.25549
0.021678,3.6442e-05,1,0,2.1403,0,0,-1,1,0.00076801,0.125,0.075,0.25523
0.021678,3.6442e-05,1,0,2.8509,0,0,-1,1,0.001024,0.125,0.075,0.25498
0.021678,3.6442e-05,1,0,3.5615,0,0,-1,1,0.00128,0.125,0.075,0.25472
0.021678,3.6442e-05,1,0,4.2721,0,0,-1,1,0.001536,0.125,0.075,0.25446
0.021678,3.6442e-05,1,0,4.9827,0,0,-1,1,0.001792,0.125,0.075,0.25421
0.021678,3.6442e-05,1,0,5.6932,0,0,-1,1,0.002048,0.125,0.075,0.25395
0.021678,3.6442e-05,1,0,6.4038,0,0,-1,1,0.002304,0.125,0.075,0.2537
0.021678,3.6442e-05,1,0,7.1144,0,0,-1,1,0.00256,0.125,0.075,0.25344
0.021678,3.6442e-05,1,0,7.825,0,0,-1,1,0.002816,0.125,0.075,0.25318
0.021678,3.6442e-05,1,0,8.5356,0,0,-1,1,0.003072,0.125,0.075,0.25293
0.021678,3.6442e-05,1,0,9.2462,0,0,-1,1,0.003328,0.125,0.075,0.25267
0.021678,3.6442e-05,1,0,9.9568,0,0,-1,1,0.003584,0.125,0.075,0.25242
0.021678,3.6442e-05,1,0,10.667,0,0,-1,1,0.00384,0.125,0.075,0.25216
0.021678,3.6442e-05,1,0,11.378,0,0,-1,1,0.004096,0.125,0.075,0.2519
0.021678,3.6442e-05,1,0,12.089,0,0,-1,1,0.004352,0.125,0.075,0.25165
0.021678,3.6442e-05,1,0,12.799,0,0,-1,1,0.004608,0.125,0.075,0.25139
0.021678,3.6442e-05,1,0,13.51,0,0,-1,1,0.004864,0.125,0.075,0.25114
0.021678,3.6442e-05,1,0,14.22,0,0,-1,1,0.00512,0.125,0.075,0.25088
0.021678,3.6442e-05,1,0,14.931,0,0,-1,1,0.005376,0.125,0.075,0.25062
0.021678,3.6442e-05,1,0,15.642,0,0,-1,1,0.005632,0.125,0.075,0.25037
0.021678,3.6442e-05,1,0,16.352,0,0,-1,1,0.005888,0.125,0.075,0.25011
0.021678,3.6442e-05,1,0,17.063,0,0,-1,1,0.006144,0.125,0.075,0.24986
0.021678,3.6442e-05,1,0,17.773,0,0,-1,1,0.0064,0.125,0.075,0.2496
0.021678,3.6442e-05,1,0,18.484,0,0,-1,1,0.006656,0.125,0.075,0.24934
0.021678,3.6442e-05,1,0,19.194,0,0,-1,1,0.006912,0.125,0.075,0.24909
0.021678,3.6442e-05,1,0,19.905,0,0,-1,1,0.007168,0.125,0.075,0.24883
0.021678,3.6442e-05,1,0,20.616,0,0,-1,1,0.007424,0.125,0.075,0.24858
0.021678,3.6442e-05,1,0,21.326,0,0,-1,1,0.00768,0.125,0.075,0.24832
0.021678,3.6442e-05,1,1.6446e-16,22.037,1.2582e-15,0,-1,1,0.007936,0.125,0.075,0.24806
0.021678,3.6442e-05,1,0,22.747,0,0,-1,1,0.008192,0.125,0.075,0.24781
0.021678,3.6442e-05,1,0,23.458,0,0,-1,1,0.008448,0.125,0.075,0.24755
0.021678,3.6442e-05,1,0,24.169,0,0,-1,1,0.008704,0.125,0.075,0.2473
0.021678,3.6442e-05,1,0,24.879,0,0,-1,1,0.00896,0.125,0.075,0.24704
0.021678,3.6442e-05,1,0,25.59,0,0,-1,1,0.009216,0.125,0.075,0.24678
0.021678,3.6442e-05,1,0,26.3,0,0,-1,1,0.009472,0.125,0.075,0.24653
0.021678,3.6442e-05,1,0,27.011,0,0,-1,1,0.009728,0.125,0.075,0.24627
0.021678,3.6442e-05,1,0,27.722,0,0,-1,1,0.009984,0.125,0.075,0.24602
0.021678,3.6442e-05,1,0,28.432,0,0,-1,1,0.01024,0.125,0.075,0.24576
0.021678,3.6442e-05,1,0,28.947,0,0,-1,1,0.010496,0.125,0.075,0.2455
0.021678,3.6442e-05,1,0,29.462,0,0,-1,1,0.010752,0.125,0.075,0.24525
0.021678,3.6442e-05,1,0,29.977,0,0,-1,1,0.011008,0.125,0.075,0.24499
0.021678,3.6442e-05,1,0,30.491,0,0,-1,1,0.011264,0.125,0.075,0.24474
0.021678,3.6442e-05,1,0,31.006,0,0,-1,1,0.01152,0.125,0.075,0.24448
0.021678,3.6442e-05,1,0,31.521,0,0,-1,1,0.011776,0.125,0.075,0.24422
0.021678,3.6442e-05,1,0,32.036,0,0,-1,1,0.012032,0.125,0.075,0.24397
0.021678,3.6442e-05,1,0,32.551,0,0,-1,1,0.012288,0.125,0.075,0.24371
0.021678,3.6442e-05,1,0,33.065,0,0,-1,1,0.012544,0.125,0.075,0.24346
0.021678,3.6442e-05,1,0,33.58,0,0,-1,1,0.0128,0.125,0.075,0.2432
0.021678,3.6442e-05,1,0,34.095,0,0,-1,1,0.013056,0.125,0.075,0.24294
0.021678,3.6442e-05,1,0,34.61,0,0,-1,1,0.013312,0.125,0.075,0.24269
0.021678,3.6442e-05,1,0,35.125,0,0,-1,1,0.013568,0.125,0.075,0.24243
0.021678,3.6442e-05,1,0,35.639,0,0,-1,1,0.013824,0.125,0.075,0.24218
0.021678,3.6442e-05,1,0,36.154,0,0,-1,1,0.01408,0.125,0.075,0.24192
0.021678,3.6442e-05,1,0,36.669,0,0,-1,1,0.014336,0.125,0.075,0.24166
0.021678,3.6442e-05,1,0,37.184,0,0,-1,1,0.014592,0.125,0.075,0.24141
0.021678,3.6442e-05,1,0,37.698,0,0,-1,1,0.014848,0.125,0.075,0.24115
0.021678,3.6442e-05,1,0,38.213,0,0,-1,1,0.015104,0.125,0.075,0.2409
0.021678,3.6442e-05,1,0,38.728,0,0,-1,1,0.01536,0.125,0.075,0.24064
0.021678,3.6442e-05,1,0,39.243,0,0,-1,1,0.015616,0.125,0.075,0.24038
0.021678,3.6442e-05,1,0,39.758,0,0,-1,1,0.015872,0.125,0.075,0.24013
0.021678,3.6442e-05,1,1.6446e-16,40.272,1.2582e-15,0,-1,1,0.016128,0.125,0.075,0.23987
0.021678,3.6442e-05,1,0,40.787,0,0,-1,1,0.016384,0.125,0.075,0.23962
0.021678,3.6442e-05,1,0,41.302,0,0,-1,1,0.01664,0.125,0.075,0.23936
0.021678,3.6442e-05,1,0,41.817,0,0,-1,1,0.016896,0.125,0.075,0.2391
0.021678,3.6442e-05,1,0,42.332,0,0,-1,1,0.017152,0.125,0.075,0.23885
0.021678,3.6442e-05,1,0,42.846,0,0,-1,1,0.017408,0.125,0.075,0.23859
0.021678,3.6442e-05,1,0,43.361,0,0,-1,1,0.017664,0.125,0.075,0.23834
0.021678,3.6442e-05,1,0,43.876,0,0,-1,1,0.01792,0.125,0.075,0.23808
0.021678,3.6442e-05,1,0,44.391,0,0,-1,1,0.018176,0.125,0.075,0.23782
0.021678,3.6442e-05,1,0,44.906,0,0,-1,1,0.018432,0.125,0.075,0.23757
0.021678,3.6442e-05,1,0,45.42,0,0,-1,1,0.018688,0.125,0.075,0.23731
0.021678,3.6442e-05,1,1.6446e-16,45.935,1.2582e-15,0,-1,1,0.018944,0.125,0.075,0.23706
0.021678,3.6442e-05,1,0,46.45,0,0,-1,1,0.0192,0.125,0.075,0.2368
0.021678,3.6442e-05,1,0,46.965,0,0,-1,1,0.019456,0.125,0.075,0.23654
0.021678,3.6442e-05,1,0,47.48,0,0,-1,1,0.019712,0.125,0.075,0.23629
0.021678,3.6442e-05,1,0,47.994,0,0,-1,1,0.019968,0.125,0.075,0.23603
0.021678,3.6442e-05,1,0,48.509,0,0,-1,1,0.020224,0.125,0.075,0.23578
0.021678,3.6442e-05,1,0,49.024,0,0,-1,1,0.02048,0.125,0.075,0.23552
0.021678,3.6442e-05,1,0,49.385,0,0,-1,1,0.020736,0.125,0.075,0.23526
0.021678,3.6442e-05,1,0,49.746,0,0,-1,1,0.020992,0.125,0.075,0.23501
0.021678,3.6442e-05,1,0,50.108,0,0,-1,1,0.021248,0.125,0.075,0.23475
0.021678,3.6442e-05,1,0,50.469,0,0,-1,1,0.021504,0.125,0.075,0.2345
0.021678,3.6442e-05,1,0,50.83,0,0,-1,1,0.02176,0.125,0.075,0.23424
0.021678,3.6442e-05,1,0,51.191,0,0,-1,1,0.022016,0.125,0.075,0.23398
0.021678,3.6442e-05,1,0,51.552,0,0,-1,1,0.022272,0.125,0.075,0.23373
0.021678,3.6442e-05,1,0,51.914,0,0,-1,1,0.022528,0.125,0.075,0.23347
0.021678,3.6442e-05,1,0,52.275,0,0,-1,1,0.022784,0.125,0.075,0.23322
0.021678,3.6442e-05,1,0,52.636,0,0,-1,1,0.02304,0.125,0.075,0.23296
0.021678,3.6442e-05,1,0,52.997,0,0,-1,1,0.023296,0.125,0.075,0.2327
0.021678,3.6442e-05,1,0,53.358,0,0,-1,1,0.023552,0.125,0.075,0.23245
0.021678,3.6442e-05,1,0,53.719,0,0,-1,1,0.023808,0.125,0.075,0.23219
0.021678,3.6442e-05,1,0,54.081,0,0,-1,1,0.024064,0.125,0.075,0.23194
0.021678,3.6442e-05,1,0,54.442,0,0,-1,1,0.02432,0.125,0.075,0.23168
0.021678,3.6442e-05,1,0,54.803,0,0,-1,1,0.024576,0.125,0.075,0.23142
0.021678,3.6442e-05,1,0,55.164,0,0,-1,1,0.024832,0.125,0.075,0.23117
0.021678,3.6442e-05,1,0,55.525,0,0,-1,1,0.025088,0.125,0.075,0.23091
0.021678,3.6442e-05,1,0,55.887,0,0,-1,1,0.025344,0.125,0.075,0.23066
0.021678,3.6442e-05,1,0,56.248,0,0,-1,1,0.0256,0.125,0.075,0.2304
0.021678,3.6442e-05,1,0,56.609,0,0,-1,1,0.025856,0.125,0.075,0.23014
0.021678,3.6442e-05,1,0,56.97,0,0,-1,1,0.026112,0.125,0.075,0.22989
0.021678,3.6442e-05,1,0,57.331,0,0,-1,1,0.026368,0.125,0.075,0.22963
0.021678,3.6442e-05,1,0,57.693,0,0,-1,1,0.026624,0.125,0.075,0.22938
0.021678,3.6442e-05,1,0,58.054,0,0,-1,1,0.02688,0.125,0.075,0.22912
0.021678,3.6442e-05,1,0,58.415,0,0,-1,1,0.027136,0.125,0.075,0.22886
0.021678,3.6442e-05,1,0,58.776,0,0,-1,1,0.027392,0.125,0.075,0.22861
0.021678,3.6442e-05,1,0,59.137,0,0,-1,1,0.027648,0.125,0.075,0.22835
0.021678,3.6442e-05,1,0,59.499,0,0,-1,1,0.027904,0.125,0.075,0.2281
0.021678,3.6442e-05,1,-3.2893e-16,59.86,-2.5165e-15,0,-1,1,0.02816,0.125,0.075,0.22784
0.021678,3.6442e-05,1,0,60.221,0,0,-1,1,0.028416,0.125,0.075,0.22758
0.021678,3.6442e-05,1,0,60.582,0,0,-1,1,0.028672,0.125,0.075,0.22733
0.021678,3.6442e-05,1,0,60.943,0,0,-1,1,0.028928,0.125,0.075,0.22707
0.021678,3.6442e-05,1,0,61.305,0,0,-1,1,0.029184,0.125,0.075,0.22682
0.021678,3.6442e-05,1,0,61.666,0,0,-1,1,0.02944,0.125,0.075,0.22656
0.021678,3.6442e-05,1,0,62.027,0,0,-1,1,0.029696,0.125,0.075,0.2263
0.021678,3.6442e-05,1,0,62.388,0,0,-1,1,0.029952,0.125,0.075,0.22605
0.021678,3.6442e-05,1,0,62.749,0,0,-1,1,0.030208,0.125,0.075,0.22579
0.021678,3.6442e-05,1,0,63.111,0,0,-1,1,0.030464,0.125,0.075,0.22554
0.021678,3.6442e-05,1,1.6446e-16,63.472,1.2582e-15,0,-1,1,0.03072,0.125,0.075,0.22528
0.021678,3.6442e-05,1,0,63.74,0,0,-1,1,0.030976,0.125,0.075,0.22502
0.021678,3.6442e-05,1,0,64.008,0,0,-1,1,0.031232,0.125,0.075,0.22477
0.021678,3.6442e-05,1,0,64.276,0,0,-1,1,0.031488,0.125,0.075,0.22451
0.021678,3.6442e-05,1,0,64.544,0,0,-1,1,0.031744,0.125,0.075,0.22426
0.021678,3.6442e-05,1,0,64.813,0,0,-1,1,0.032,0.125,0.075,0.224
0.021678,3.6442e-05,1,0,65.081,0,0,-1,1,0.032256,0.125,0.075,0.22374
0.021678,3.6442e-05,1,0,65.349,0,0,-1,1,0.032512,0.125,0.075,0.22349
0.021678,3.6442e-05,1,0,65.617,0,0,-1,1,0.032768,0.125,0.075,0.22323
0.021678,3.6442e-05,1,0,65.885,0,0,-1,1,0.033024,0.125,0.075,0.22298
0.021678,3.6442e-05,1,0,66.153,0,0,-1,1,0.03328,0.125,0.075,0.22272
0.021678,3.6442e-05,1,0,66.422,0,0,-1,1,0.033536,0.125,0.075,0.22246
0.021678,3.6442e-05,1,0,66.69,0,0,-1,1,0.033792,0.125,0.075,0.22221
0.021678,3.6442e-05,1,0,66.958,0,0,-1,1,0.034048,0.125,0.075,0.22195
0.021678,3.6442e-05,1,0,67.226,0,0,-1,1,0.034304,0.125,0.075,0.2217
0.021678,3.6442e-05,1,0,67.494,0,0,-1,1,0.03456,0.125,0.075,0.22144
0.021678,3.6442e-05,1,0,67.762,0,0,-1,1,0.034816,0.125,0.075,0.22118
0.021678,3.6442e-05,1,0,68.03,0,0,-1,1,0.035072,0.125,0.075,0.22093
0.021678,3.6442e-05,1,0,68.299,0,0,-1,1,0.035328,0.125,0.075,0.22067
0.021678,3.6442e-05,1,0,68.567,0,0,-1,1,0.035584,0.125,0.075,0.22042
0.021678,3.6442e-05,1,0,68.835,0,0,-1,1,0.03584,0.125,0.075,0.22016
0.021678,3.6442e-05,1,0,69.103,0,0,-1,1,0.036096,0.125,0.075,0.2199
0.021678,3.6442e-05,1,0,69.371,0,0,-1,1,0.036352,0.125,0.075,0.21965
0.021678,3.6442e-05,1,0,69.639,0,0,-1,1,0.036608,0.125,0.075,0.21939
0.021678,3.6442e-05,1,0,69.908,0,0,-1,1,0.036864,0.125,0.075,0.21914
0.021678,3.6442e-05,1,0,70.176,0,0,-1,1,0.03712,0.125,0.075,0.21888
0.021678,3.6442e-05,1,0,70.444,0,0,-1,1,0.037376,0.125,0.075,0.21862
0.021678,3.6442e-05,1,0,70.712,0,0,-1,1,0.037632,0.125,0.075,0.21837
0.021678,3.6442e-05,1,0,70.98,0,0,-1,1,0.037888,0.125,0.075,0.21811
0.021678,3.6442e-05,1,0,71.248,0,0,-1,1,0.038144,0.125,0.075,0.21786
0.021678,3.6442e-05,1,0,71.517,0,0,-1,1,0.0384,0.125,0.075,0.2176
0.021678,3.6442e-05,1,0,71.785,0,0,-1,1,0.038656,0.125,0.075,0.21734
0.021678,3.6442e-05,1,0,72.053,0,0,-1,1,0.038912,0.125,0.075,0.21709
0.021678,3.6442e-05,1,0,72.321,0,0,-1,1,0.039168,0.125,0.075,0.21683
0.021678,3.6442e-05,1,0,72.589,0,0,-1,1,0.039424,0.125,0.075,0.21658
0.021678,3.6442e-05,1,0,72.857,0,0,-1,1,0.03968,0.125,0.075,0.21632
0.021678,3.6442e-05,1,0,73.126,0,0,-1,1,0.039936,0.125,0.075,0.21606
0.021678,3.6442e-05,1,0,73.394,0,0,-1,1,0.040192,0.125,0.075,0.21581
0.021678,3.6442e-05,1,0,73.662,0,0,-1,1,0.040448,0.125,0.075,0.21555
0.021678,3.6442e-05,1,0,73.93,0,0,-1,1,0.040704,0.125,0.075,0.2153
0.021678,3.6442e-05,1,1.6446e-16,74.198,1.2582e-15,0,-1,1,0.04096,0.125,0.075,0.21504
0.021678,3.6442e-05,1,0,74.391,0,0,-1,1,0.041216,0.125,0.075,0.21478
0.021678,3.6442e-05,1,0,74.584,0,0,-1,1,0.041472,0.125,0.075,0.21453
0.021678,3.6442e-05,1,0,74.776,0,0,-1,1,0.041728,0.125,0.075,0.21427
0.021678,3.6442e-05,1,0,74.969,0,0,-1,1,0.041984,0.125,0.075,0.21402
0.021678,3.6442e-05,1,0,75.162,0,0,-1,1,0.04224,0.125,0.075,0.21376
0.021678,3.6442e-05,1,0,75.355,0,0,-1,1,0.042496,0.125,0.075,0.2135
0.021678,3.6442e-05,1,0,75.547,0,0,-1,1,0.042752,0.125,0.075,0.21325
0.021678,3.6442e-05,1,0,75.74,0,0,-1,1,0.043008,0.125,0.075,0.21299
0.021678,3.6442e-05,1,0,75.933,0,0,-1,1,0.043264,0.125,0.075,0.21274
0.021678,3.6442e-05,1,0,76.126,0,0,-1,1,0.04352,0.125,0.075,0.21248
0.021678,3.6442e-05,1,0,76.318,0,0,-1,1,0.043776,0.125,0.075,0.21222
0.021678,3.6442e-05,1,0,76.511,0,0,-1,1,0.044032,0.125,0.075,0.21197
0.021678,3.6442e-05,1,0,76.704,0,0,-1,1,0.044288,0.125,0.075,0.21171
0.021678,3.6442e-05,1,0,76.896,0,0,-1,1,0.044544,0.125,0.075,0.21146
0.021678,3.6442e-05,1,0,77.089,0,0,-1,1,0.0448,0.125,0.075,0.2112
0.021678,3.6442e-05,1,0,77.282,0,0,-1,1,0.045056,0.125,0.075,0.21094
0.021678,3.6442e-05,1,0,77.475,0,0,-1,1,0.045312,0.125,0.075,0.21069
0.021678,3.6442e-05,1,0,77.667,0,0,-1,1,0.045568,0.125,0.075,0.21043
0.021678,3.6442e-05,1,0,77.86,0,0,-1,1,0.045824,0.125,0.075,0.21018
0.021678,3.6442e-05,1,0,78.053,0,0,-1,1,0.04608,0.125,0.075,0.20992
0.021678,3.6442e-05,1,0,78.246,0,0,-1,1,0.046336,0.125,0.075,0.20966
0.021678,3.6442e-05,1,0,78.438,0,0,-1,1,0.046592,0.125,0.075,0.20941
0.021678,3.6442e-05,1,0,78.631,0,0,-1,1,0.046848,0.125,0.075,0.20915
0.021678,3.6442e-05,1,0,78.824,0,0,-1,1,0.047104,0.125,0.075,0.2089
0.021678,3.6442e-05,1,0,79.017,0,0,-1,1,0.04736,0.125,0.075,0.20864
0.021678,3.6442e-05,1,0,79.209,0,0,-1,1,0.047616,0.125,0.075,0.20838
0.021678,3.6442e-05,1,0,79.402,0,0,-1,1,0.047872,0.125,0.075,0.20813
0.021678,3.6442e-05,1,0,79.595,0,0,-1,1,0.048128,0.125,0.075,0.20787
0.021678,3.6442e-05,1,0,79.787,0,0,-1,1,0.048384,0.125,0.075,0.20762
0.021678,3.6442e-05,1,0,79.98,0,0,-1,1,0.04864,0.125,0.075,0.20736
0.021678,3.6442e-05,1,0,80.173,0,0,-1,1,0.048896,0.125,0.075,0.2071
0.021678,3.6442e-05,1,0,80.366,0,0,-1,1,0.049152,0.125,0.075,0.20685
0.021678,3.6442e-05,1,0,80.558,0,0,-1,1,0.049408,0.125,0.075,0.20659
0.021678,3.6442e-05,1,0,80.751,0,0,-1,1,0.049664,0.125,0.075,0.20634
0.021678,3.6442e-05,1,0,80.944,0,0,-1,1,0.04992,0.125,0.075,0.20608
0.021678,3.6442e-05,1,0,81.137,0,0,-1,1,0.050176,0.125,0.075,0.20582
0.021678,3.6442e-05,1,1.6446e-16,81.329,1.2582e-15,0,-1,1,0.050432,0.125,0.075,0.20557
0.021678,3.6442e-05,1,0,81.522,0,0,-1,1,0.050688,0.125,0.075,0.20531
0.021678,3.6442e-05,1,0,81.715,0,0,-1,1,0.050944,0.125,0.075,0.20506
0.021678,3.6442e-05,1,1.6446e-16,81.907,1.2582e-15,0,-1,1,0.0512,0.125,0.075,0.2048
0.021678,3.6442e-05,1,0,82.044,0,0,-1,1,0.051456,0.125,0.075,0.20454
0.021678,3.6442e-05,1,0,82.181,0,0,-1,1,0.051712,0.125,0.075,0.20429
0.021678,3.6442e-05,1,0,82.318,0,0,-1,1,0.051968,0.125,0.075,0.20403
0.021678,3.6442e-05,1,0,82.454,0,0,-1,1,0.052224,0.125,0.075,0.20378
0.021678,3.6442e-05,1,0,82.591,0,0,-1,1,0.05248,0.125,0.075,0.20352
0.021678,3.6442e-05,1,0,82.728,0,0,-1,1,0.052736,0.125,0.075,0.20326
0.021678,3.6442e-05,1,0,82.865,0,0,-1,1,0.052992,0.125,0.075,0.20301
0.021678,3.6442e-05,1,0,83.001,0,0,-1,1,0.053248,0.125,0.075,0.20275
0.021678,3.6442e-05,1,0,83.138,0,0,-1,1,0.053504,0.125,0.075,0.2025
0.021678,3.6442e-05,1,0,83.275,0,0,-1,1,0.05376,0.125,0.075,0.20224
0.021678,3.6442e-05,1,0,83.411,0,0,-1,1,0.054016,0.125,0.075,0.20198
0.021678,3.6442e-05,1,0,83.548,0,0,-1,1,0.054272,0.125,0.075,0.20173
0.021678,3.6442e-05,1,0,83.685,0,0,-1,1,0.054528,0.125,0.075,0.20147
0.021678,3.6442e-05,1,0,83.822,0,0,-1,1,0.054784,0.125,0.075,0.20122
0.021678,3.6442e-05,1,0,83.958,0,0,-1,1,0.05504,0.125,0.075,0.20096
0.021678,3.6442e-05,1,0,84.095,0,0,-1,1,0.055296,0.125,0.075,0.2007
0.021678,3.6442e-05,1,0,84.232,0,0,-1,1,0.055552,0.125,0.075,0.20045
0.021678,3.6442e-05,1,0,84.368,0,0,-1,1,0.055808,0.125,0.075,0.20019
0.021678,3.6442e-05,1,0,84.505,0,0,-1,1,0.056064,0.125,0.075,0.19994
0.021678,3.6442e-05,1,0,84.642,0,0,-1,1,0.05632,0.125,0.075,0.19968
0.021678,3.6442e-05,1,0,84.779,0,0,-1,1,0.056576,0.125,0.075,0.19942
0.021678,3.6442e-05,1,0,84.915,0,0,-1,1,0.056832,0.125,0.075,0.19917
0.021678,3.6442e-05,1,1.6446e-16,85.052,1.2582e-15,0,-1,1,0.057088,0.125,0.075,0.19891
0.021678,3.6442e-05,1,0,85.189,0,0,-1,1,0.057344,0.125,0.075,0.19866
0.021678,3.6442e-05,1,0,85.325,0,0,-1,1,0.0576,0.125,0.075,0.1984
0.021678,3.6442e-05,1,0,85.462,0,0,-1,1,0.057856,0.125,0.075,0.19814
0.021678,3.6442e-05,1,0,85.599,0,0,-1,1,0.058112,0.125,0.075,0.19789
0.021678,3.6442e-05,1,0,85.736,0,0,-1,1,0.058368,0.125,0.075,0.19763
0.021678,3.6442e-05,1,0,85.872,0,0,-1,1,0.058624,0.125,0.075,0.19738
0.021678,3.6442e-05,1,0,86.009,0,0,-1,1,0.05888,0.125,0.075,0.19712
0.021678,3.6442e-05,1,0,86.146,0,0,-1,1,0.059136,0.125,0.075,0.19686
0.021678,3.6442e-05,1,0,86.282,0,0,-1,1,0.059392,0.125,0.075,0.19661
0.021678,3.6442e-05,1,0,86.419,0,0,-1,1,0.059648,0.125,0.075,0.19635
0.021678,3.6442e-05,1,-3.2893e-16,86.556,-2.5165e-15,0,-1,1,0.059904,0.125,0.075,0.1961
0.021678,3.6442e-05,1,0,86.693,0,0,-1,1,0.06016,0.125,0.075,0.19584
0.021678,3.6442e-05,1,0,86.829,0,0,-1,1,0.060416,0.125,0.075,0.19558
0.021678,3.6442e-05,1,0,86.966,0,0,-1,1,0.060672,0.125,0.075,0.19533
0.021678,3.6442e-05,1,0,87.103,0,0,-1,1,0.060928,0.125,0.075,0.19507
0.021678,3.6442e-05,1,0,87.24,0,0,-1,1,0.061184,0.125,0.075,0.19482
0.021678,3.6442e-05,1,0,87.376,0,0,-1,1,0.06144,0.125,0.075,0.19456
0.021678,3.6442e-05,1,0,87.472,0,0,-1,1,0.061696,0.125,0.075,0.1943
0.021678,3.6442e-05,1,0,87.568,0,0,-1,1,0.061952,0.125,0.075,0.19405
0.021678,3.6442e-05,1,0,87.664,0,0,-1,1,0.062208,0.125,0.075,0.19379
0.021678,3.6442e-05,1,0,87.76,0,0,-1,1,0.062464,0.125,0.075,0.19354
0.021678,3.6442e-05,1,0,87.856,0,0,-1,1,0.06272,0.125,0.075,0.19328
0.021678,3.6442e-05,1,0,87.952,0,0,-1,1,0.062976,0.125,0.075,0.19302
0.021678,3.6442e-05,1,0,88.048,0,0,-1,1,0.063232,0.125,0.075,0.19277
0.021678,3.6442e-05,1,0,88.144,0,0,-1,1,0.063488,0.125,0.075,0.19251
0.021678,3.6442e-05,1,0,88.24,0,0,-1,1,0.063744,0.125,0.075,0.19226
0.021678,3.6442e-05,1,0,88.336,0,0,-1,1,0.064,0.125,0.075,0.192
0.021678,3.6442e-05,1,0,88.432,0,0,-1,1,0.064256,0.125,0.075,0.19174
0.021678,3.6442e-05,1,0,88.528,0,0,-1,1,0.064512,0.125,0.075,0.19149
0.021678,3.6442e-05,1,0,88.624,0,0,-1,1,0.064768,0.125,0.075,0.19123
0.021678,3.6442e-05,1,0,88.72,0,0,-1,1,0.065024,0.125,0.075,0.19098
0.021678,3.6442e-05,1,0,88.816,0,0,-1,1,0.06528,0.125,0.075,0.19072
0.021678,3.6442e-05,1,0,88.912,0,0,-1,1,0.065536,0.125,0.075,0.19046
0.021678,3.6442e-05,1,0,89.008,0,0,-1,1,0.065792,0.125,0.075,0.19021
0.021678,3.6442e-05,1,0,89.104,0,0,-1,1,0.066048,0.125,0.075,0.18995
0.021678,3.6442e-05,1,0,89.2,0,0,-1,1,0.066304,0.125,0.075,0.1897
0.021678,3.6442e-05,1,0,89.296,0,0,-1,1,0.06656,0.125,0.075,0.18944
0.021678,3.6442e-05,1,0,89.392,0,0,-1,1,0.066816,0.125,0.075,0.18918
0.021678,3.6442e-05,1,0,89.488,0,0,-1,1,0.067072,0.125,0.075,0.18893
0.021678,3.6442e-05,1,0,89.584,0,0,-1,1,0.067328,0.125,0.075,0.18867
0.021678,3.6442e-05,1,0,89.68,0,0,-1,1,0.067584,0.125,0.075,0.18842
0.021678,3.6442e-05,1,0,89.776,0,0,-1,1,0.06784,0.125,0.075,0.18816
0.021678,3.6442e-05,1,0,89.872,0,0,-1,1,0.068096,0.125,0.075,0.1879
0.021678,3.6442e-05,1,0,89.968,0,0,-1,1,0.068352,0.125,0.075,0.18765
0.021678,3.6442e-05,1,0,90.064,0,0,-1,1,0.068608,0.125,0.075,0.18739
0.021678,3.6442e-05,1,0,90.16,0,0,-1,1,0.068864,0.125,0.075,0.18714
0.021678,3.6442e-05,1,-3.2893e-16,90.256,-2.5165e-15,0,-1,1,0.06912,0.125,0.075,0.18688
0.021678,3.6442e-05,1,0,90.352,0,0,-1,1,0.069376,0.125,0.075,0.18662
0.021678,3.6442e-05,1,0,90.448,0,0,-1,1,0.069632,0.125,0.075,0.18637
0.021678,3.6442e-05,1,0,90.544,0,0,-1,1,0.069888,0.125,0.075,0.18611
0.021678,3.6442e-05,1,0,90.64,0,0,-1,1,0.070144,0.125,0.075,0.18586
0.021678,3.6442e-05,1,0,90.736,0,0,-1,1,0.0704,0.125,0.075,0.1856
0.021678,3.6442e-05,1,0,90.832,0,0,-1,1,0.070656,0.125,0.075,0.18534
0.021678,3.6442e-05,1,0,90.928,0,0,-1,1,0.070912,0.125,0.075,0.18509
0.021678,3.6442e-05,1,0,91.024,0,0,-1,1,0.071168,0.125,0.075,0.18483
0.021678,3.6442e-05,1,0,91.12,0,0,-1,1,0.071424,0.125,0.075,0.18458
0.021678,3.6442e-05,1,0,91.216,0,0,-1,1,0.07168,0.125,0.075,0.18432
0.021678,3.6442e-05,1,0,91.283,0,0,-1,1,0.071936,0.125,0.075,0.18406
0.021678,3.6442e-05,1,0,91.35,0,0,-1,1,0.072192,0.125,0.075,0.18381
0.021678,3.6442e-05,1,0,91.417,0,0,-1,1,0.072448,0.125,0.075,0.18355
0.021678,3.6442e-05,1,0,91.484,0,0,-1,1,0.072704,0.125,0.075,0.1833
0.021678,3.6442e-05,1,0,91.551,0,0,-1,1,0.07296,0.125,0.075,0.18304
0.021678,3.6442e-05,1,0,91.618,0,0,-1,1,0.073216,0.125,0.075,0.18278
0.021678,3.6442e-05,1,0,91.685,0,0,-1,1,0.073472,0.125,0.075,0.18253
0.021678,3.6442e-05,1,0,91.752,0,0,-1,1,0.073728,0.125,0.075,0.18227
0.021678,3.6442e-05,1,0,91.819,0,0,-1,1,0.073984,0.125,0.075,0.18202
0.021678,3.6442e-05,1,0,91.886,0,0,-1,1,0.07424,0.125,0.075,0.18176
0.021678,3.6442e-05,1,0,91.953,0,0,-1,1,0.074496,0.125,0.075,0.1815
0.021678,3.6442e-05,1,0,92.02,0,0,-1,1,0.074752,0.125,0.075,0.18125
0.021678,3.6442e-05,1,0,92.087,0,0,-1,1,0.075008,0.125,0.075,0.18099
0.021678,3.6442e-05,1,0,92.154,0,0,-1,1,0.075264,0.125,0.075,0.18074
0.021678,3.6442e-05,1,0,92.221,0,0,-1,1,0.07552,0.125,0.075,0.18048
0.021678,3.6442e-05,1,0,92.288,0,0,-1,1,0.075776,0.125,0.075,0.18022
0.021678,3.6442e-05,1,0,92.355,0,0,-1,1,0.076032,0.125,0.075,0.17997
0.021678,3.6442e-05,1,0,92.422,0,0,-1,1,0.076288,0.125,0.075,0.17971
0.021678,3.6442e-05,1,0,92.489,0,0,-1,1,0.076544,0.125,0.075,0.17946
0.021678,3.6442e-05,1,0,92.556,0,0,-1,1,0.0768,0.125,0.075,0.1792
0.021678,3.6442e-05,1,0,92.623,0,0,-1,1,0.077056,0.125,0.075,0.17894
0.021678,3.6442e-05,1,0,92.69,0,0,-1,1,0.077312,0.125,0.075,0.17869
0.021678,3.6442e-05,1,0,92.757,0,0,-1,1,0.077568,0.125,0.075,0.17843
0.021678,3.6442e-05,1,0,92.824,0,0,-1,1,0.077824,0.125,0.075,0.17818
0.021678,3.6442e-05,1,0,92.891,0,0,-1,1,0.07808,0.125,0.075,0.17792
0.021678,3.6442e-05,1,0,92.958,0,0,-1,1,0.078336,0.125,0.075,0.17766
0.021678,3.6442e-05,1,0,93.025,0,0,-1,1,0.078592,0.125,0.075,0.17741
0.021678,3.6442e-05,1,0,93.092,0,0,-1,1,0.078848,0.125,0.075,0.17715
0.021678,3.6442e-05,1,0,93.159,0,0,-1,1,0.079104,0.125,0.075,0.1769
0.021678,3.6442e-05,1,-3.2893e-16,93.226,-2.5165e-15,0,-1,1,0.07936,0.125,0.075,0.17664
0.021678,3.6442e-05,1,0,93.293,0,0,-1,1,0.079616,0.125,0.075,0.17638
0.021678,3.6442e-05,1,0,93.36,0,0,-1,1,0.079872,0.125,0.075,0.17613
0.021678,3.6442e-05,1,0,93.427,0,0,-1,1,0.080128,0.125,0.075,0.17587
0.021678,3.6442e-05,1,0,93.494,0,0,-1,1,0.080384,0.125,0.075,0.17562
0.021678,3.6442e-05,1,0,93.561,0,0,-1,1,0.08064,0.125,0.075,0.17536
0.021678,3.6442e-05,1,0,93.628,0,0,-1,1,0.080896,0.125,0.075,0.1751
0.021678,3.6442e-05,1,0,93.695,0,0,-1,1,0.081152,0.125,0.075,0.17485
0.021678,3.6442e-05,1,0,93.762,0,0,-1,1,0.081408,0.125,0.075,0.17459
0.021678,3.6442e-05,1,0,93.829,0,0,-1,1,0.081664,0.125,0.075,0.17434
0.021678,3.6442e-05,1,1.6446e-16,93.896,1.2582e-15,0,-1,1,0.08192,0.125,0.075,0.17408
0.021678,3.6442e-05,1,0,93.943,0,0,-1,1,0.082176,0.125,0.075,0.17382
0.021678,3.6442e-05,1,0,93.99,0,0,-1,1,0.082432,0.125,0.075,0.17357
0.021678,3.6442e-05,1,0,94.036,0,0,-1,1,0.082688,0.125,0.075,0.17331
0.021678,3.6442e-05,1,0,94.083,0,0,-1,1,0.082944,0.125,0.075,0.17306
0.021678,3.6442e-05,1,0,94.13,0,0,-1,1,0.0832,0.125,0.075,0.1728
0.021678,3.6442e-05,1,0,94.176,0,0,-1,1,0.083456,0.125,0.075,0.17254
0.021678,3.6442e-05,1,0,94.223,0,0,-1,1,0.083712,0.125,0.075,0.17229
0.021678,3.6442e-05,1,0,94.269,0,0,-1,1,0.083968,0.125,0.075,0.17203
0.021678,3.6442e-05,1,0,94.316,0,0,-1,1,0.084224,0.125,0.075,0.17178
0.021678,3.6442e-05,1,0,94.363,0,0,-1,1,0.08448,0.125,0.075,0.17152
0.021678,3.6442e-05,1,0,94.409,0,0,-1,1,0.084736,0.125,0.075,0.17126
0.021678,3.6442e-05,1,0,94.456,0,0,-1,1,0.084992,0.125,0.075,0.17101
0.021678,3.6442e-05,1,0,94.502,0,0,-1,1,0.085248,0.125,0.075,0.17075
0.021678,3.6442e-05,1,0,94.549,0,0,-1,1,0.085504,0.125,0.075,0.1705
0.021678,3.6442e-05,1,0,94.596,0,0,-1,1,0.08576,0.125,0.075,0.17024
0.021678,3.6442e-05,1,0,94.642,0,0,-1,1,0.086016,0.125,0.075,0.16998
0.021678,3.6442e-05,1,0,94.689,0,0,-1,1,0.086272,0.125,0.075,0.16973
0.021678,3.6442e-05,1,0,94.736,0,0,-1,1,0.086528,0.125,0.075,0.16947
0.021678,3.6442e-05,1,0,94.782,0,0,-1,1,0.086784,0.125,0.075,0.16922
0.021678,3.6442e-05,1,0,94.829,0,0,-1,1,0.08704,0.125,0.075,0.16896
0.021678,3.6442e-05,1,0,94.875,0,0,-1,1,0.087296,0.125,0.075,0.1687
0.021678,3.6442e-05,1,0,94.922,0,0,-1,1,0.087552,0.125,0.075,0.16845
0.021678,3.6442e-05,1,0,94.969,0,0,-1,1,0.087808,0.125,0.075,0.16819
0.021678,3.6442e-05,1,0,95.015,0,0,-1,1,0.088064,0.125,0.075,0.16794
0.021678,3.6442e-05,1,0,95.062,0,0,-1,1,0.08832,0.125,0.075,0.16768
0.021678,3.6442e-05,1,0,95.109,0,0,-1,1,0.088576,0.125,0.075,0.16742
0.021678,3.6442e-05,1,0,95.155,0,0,-1,1,0.088832,0.125,0.075,0.16717
0.021678,3.6442e-05,1,0,95.202,0,0,-1,1,0.089088,0.125,0.075,0.16691
0.021678,3.6442e-05,1,0,95.248,0,0,-1,1,0.089344,0.125,0.075,0.16666
0.021678,3.6442e-05,1,0,95.295,0,0,-1,1,0.0896,0.125,0.075,0.1664
0.021678,3.6442e-05,1,0,95.342,0,0,-1,1,0.089856,0.125,0.075,0.16614
0.021678,3.6442e-05,1,0,95.388,0,0,-1,1,0.090112,0.125,0.075,0.16589
0.021678,3.6442e-05,1,0,95.435,0,0,-1,1,0.090368,0.125,0.075,0.16563
0.021678,3.6442e-05,1,0,95.481,0,0,-1,1,0.090624,0.125,0.075,0.16538
0.021678,3.6442e-05,1,0,95.528,0,0,-1,1,0.09088,0.125,0.075,0.16512
0.021678,3.6442e-05,1,0,95.575,0,0,-1,1,0.091136,0.125,0.075,0.16486
0.021678,3.6442e-05,1,0,95.621,0,0,-1,1,0.091392,0.125,0.075,0.16461
0.021678,3.6442e-05,1,0,95.668,0,0,-1,1,0.091648,0.125,0.075,0.16435
0.021678,3.6442e-05,1,0,95.715,0,0,-1,1,0.091904,0.125,0.075,0.1641
0.021678,3.6442e-05,1,1.6446e-16,95.761,1.2582e-15,0,-1,1,0.09216,0.125,0.075,0.16384
0.021678,3.6442e-05,1,0,95.794,0,0,-1,1,0.092416,0.125,0.075,0.16358
0.021678,3.6442e-05,1,0,95.826,0,0,-1,1,0.092672,0.125,0.075,0.16333
0.021678,3.6442e-05,1,0,95.858,0,0,-1,1,0.092928,0.125,0.075,0.16307
0.021678,3.6442e-05,1,0,95.891,0,0,-1,1,0.093184,0.125,0.075,0.16282
0.021678,3.6442e-05,1,0,95.923,0,0,-1,1,0.09344,0.125,0.075,0.16256
0.021678,3.6442e-05,1,0,95.955,0,0,-1,1,0.093696,0.125,0.075,0.1623
0.021678,3.6442e-05,1,0,95.988,0,0,-1,1,0.093952,0.125,0.075,0.16205
0.021678,3.6442e-05,1,0,96.02,0,0,-1,1,0.094208,0.125,0.075,0.16179
0.021678,3.6442e-05,1,0,96.053,0,0,-1,1,0.094464,0.125,0.075,0.16154
0.021678,3.6442e-05,1,0,96.085,0,0,-1,1,0.09472,0.125,0.075,0.16128
0.021678,3.6442e-05,1,0,96.117,0,0,-1,1,0.094976,0.125,0.075,0.16102
0.021678,3.6442e-05,1,0,96.15,0,0,-1,1,0.095232,0.125,0.075,0.16077
0.021678,3.6442e-05,1,0,96.182,0,0,-1,1,0.095488,0.125,0.075,0.16051
0.021678,3.6442e-05,1,0,96.214,0,0,-1,1,0.095744,0.125,0.075,0.16026
0.021678,3.6442e-05,1,0,96.247,0,0,-1,1,0.096,0.125,0.075,0.16
0.021678,3.6442e-05,1,0,96.279,0,0,-1,1,0.096256,0.125,0.075,0.15974
0.021678,3.6442e-05,1,0,96.312,0,0,-1,1,0.096512,0.125,0.075,0.15949
0.021678,3.6442e-05,1,0,96.344,0,0,-1,1,0.096768,0.125,0.075,0.15923
0.021678,3.6442e-05,1,0,96.376,0,0,-1,1,0.097024,0.125,0.075,0.15898
0.021678,3.6442e-05,1,0,96.409,0,0,-1,1,0.09728,0.125,0.075,0.15872
0.021678,3.6442e-05,1,0,96.441,0,0,-1,1,0.097536,0.125,0.075,0.15846
0.021678,3.6442e-05,1,0,96.473,0,0,-1,1,0.097792,0.125,0.075,0.15821
0.021678,3.6442e-05,1,1.6446e-16,96.506,1.2582e-15,0,-1,1,0.098048,0.125,0.075,0.15795
0.021678,3.6442e-05,1,0,96.538,0,0,-1,1,0.098304,0.125,0.075,0.1577
0.021678,3.6442e-05,1,0,96.571,0,0,-1,1,0.09856,0.125,0.075,0.15744
0.021678,3.6442e-05,1,0,96.603,0,0,-1,1,0.098816,0.125,0.075,0.15718
0.021678,3.6442e-05,1,0,96.635,0,0,-1,1,0.099072,0.125,0.075,0.15693
0.021678,3.6442e-05,1,0,96.668,0,0,-1,1,0.099328,0.125,0.075,0.15667
0.021678,3.6442e-05,1,0,96.7,0,0,-1,1,0.099584,0.125,0.075,0.15642
0.021678,3.6442e-05,1,0,96.732,0,0,-1,1,0.09984,0.125,0.075,0.15616
0.021678,3.6442e-05,1,0,96.765,0,0,-1,1,0.1001,0.125,0.075,0.1559
0.021678,3.6442e-05,1,0,96.797,0,0,-1,1,0.10035,0.125,0.075,0.15565
0.021678,3.6442e-05,1,0,96.83,0,0,-1,1,0.10061,0.125,0.075,0.15539
0.021678,3.6442e-05,1,-3.2893e-16,96.862,-2.5165e-15,0,-1,1,0.10086,0.125,0.075,0.15514
0.021678,3.6442e-05,1,0,96.894,0,0,-1,1,0.10112,0.125,0.075,0.15488
0.021678,3.6442e-05,1,0,96.927,0,0,-1,1,0.10138,0.125,0.075,0.15462
0.021678,3.6442e-05,1,0,96.959,0,0,-1,1,0.10163,0.125,0.075,0.15437
0.021678,3.6442e-05,1,0,96.991,0,0,-1,1,0.10189,0.125,0.075,0.15411
0.021678,3.6442e-05,1,0,97.024,0,0,-1,1,0.10214,0.125,0.075,0.15386
0.021678,3.6442e-05,1,0,97.056,0,0,-1,1,0.1024,0.125,0.075,0.1536
0.021678,3.6442e-05,1,0,97.079,0,0,-1,1,0.10266,0.125,0.075,0.15334
0.021678,3.6442e-05,1,0,97.101,0,0,-1,1,0.10291,0.125,0.075,0.15309
0.021678,3.6442e-05,1,0,97.124,0,0,-1,1,0.10317,0.125,0.075,0.15283
0.021678,3.6442e-05,1,0,97.146,0,0,-1,1,0.10342,0.125,0.075,0.15258
0.021678,3.6442e-05,1,0,97.169,0,0,-1,1,0.10368,0.125,0.075,0.15232
0.021678,3.6442e-05,1,0,97.191,0,0,-1,1,0.10394,0.125,0.075,0.15206
0.021678,3.6442e-05,1,0,97.214,0,0,-1,1,0.10419,0.125,0.075,0.15181
0.021678,3.6442e-05,1,0,97.236,0,0,-1,1,0.10445,0.125,0.075,0.15155
0.021678,3.6442e-05,1,0,97.259,0,0,-1,1,0.1047,0.125,0.075,0.1513
0.021678,3.6442e-05,1,0,97.281,0,0,-1,1,0.10496,0.125,0.075,0.15104
0.021678,3.6442e-05,1,0,97.303,0,0,-1,1,0.10522,0.125,0.075,0.15078
0.021678,3.6442e-05,1,0,97.326,0,0,-1,1,0.10547,0.125,0.075,0.15053
0.021678,3.6442e-05,1,0,97.348,0,0,-1,1,0.10573,0.125,0.075,0.15027
0.021678,3.6442e-05,1,0,97.371,0,0,-1,1,0.10598,0.125,0.075,0.15002
0.021678,3.6442e-05,1,0,97.393,0,0,-1,1,0.10624,0.125,0.075,0.14976
0.021678,3.6442e-05,1,0,97.416,0,0,-1,1,0.1065,0.125,0.075,0.1495
0.021678,3.6442e-05,1,0,97.438,0,0,-1,1,0.10675,0.125,0.075,0.14925
0.021678,3.6442e-05,1,0,97.461,0,0,-1,1,0.10701,0.125,0.075,0.14899
0.021678,3.6442e-05,1,0,97.483,0,0,-1,1,0.10726,0.125,0.075,0.14874
0.021678,3.6442e-05,1,0,97.506,0,0,-1,1,0.10752,0.125,0.075,0.14848
0.021678,3.6442e-05,1,0,97.528,0,0,-1,1,0.10778,0.125,0.075,0.14822
0.021678,3.6442e-05,1,0,97.551,0,0,-1,1,0.10803,0.125,0.075,0.14797
0.021678,3.6442e-05,1,0,97.573,0,0,-1,1,0.10829,0.125,0.075,0.14771
0.021678,3.6442e-05,1,0,97.596,0,0,-1,1,0.10854,0.125,0.075,0.14746
0.021678,3.6442e-05,1,0,97.618,0,0,-1,1,0.1088,0.125,0.075,0.1472
0.021678,3.6442e-05,1,0,97.641,0,0,-1,1,0.10906,0.125,0.075,0.14694
0.021678,3.6442e-05,1,0,97.663,0,0,-1,1,0.10931,0.125,0.075,0.14669
0.021678,3.6442e-05,1,0,97.686,0,0,-1,1,0.10957,0.125,0.075,0.14643
0.021678,3.6442e-05,1,0,97.708,0,0,-1,1,0.10982,0.125,0.075,0.14618
0.021678,3.6442e-05,1,-3.2893e-16,97.73,-2.5165e-15,0,-1,1,0.11008,0.125,0.075,0.14592
0.021678,3.6442e-05,1,0,97.753,0,0,-1,1,0.11034,0.125,0.075,0.14566
0.021678,3.6442e-05,1,0,97.775,0,0,-1,1,0.11059,0.125,0.075,0.14541
0.021678,3.6442e-05,1,0,97.798,0,0,-1,1,0.11085,0.125,0.075,0.14515
0.021678,3.6442e-05,1,0,97.82,0,0,-1,1,0.1111,0.125,0.075,0.1449
0.021678,3.6442e-05,1,0,97.843,0,0,-1,1,0.11136,0.125,0.075,0.14464
0.021678,3.6442e-05,1,0,97.865,0,0,-1,1,0.11162,0.125,0.075,0.14438
0.021678,3.6442e-05,1,0,97.888,0,0,-1,1,0.11187,0.125,0.075,0.14413
0.021678,3.6442e-05,1,0,97.91,0,0,-1,1,0.11213,0.125,0.075,0.14387
0.021678,3.6442e-05,1,0,97.933,0,0,-1,1,0.11238,0.125,0.075,0.14362
0.021678,3.6442e-05,1,0,97.955,0,0,-1,1,0.11264,0.125,0.075,0.14336
0.021678,3.6442e-05,1,0,97.971,0,0,-1,1,0.1129,0.125,0.075,0.1431
0.021678,3.6442e-05,1,0,97.986,0,0,-1,1,0.11315,0.125,0.075,0.14285
0.021678,3.6442e-05,1,0,98.002,0,0,-1,1,0.11341,0.125,0.075,0.14259
0.021678,3.6442e-05,1,0,98.018,0,0,-1,1,0.11366,0.125,0.075,0.14234
0.021678,3.6442e-05,1,0,98.033,0,0,-1,1,0.11392,0.125,0.075,0.14208
0.021678,3.6442e-05,1,0,98.049,0,0,-1,1,0.11418,0.125,0.075,0.14182
0.021678,3.6442e-05,1,0,98.064,0,0,-1,1,0.11443,0.125,0.075,0.14157
0.021678,3.6442e-05,1,0,98.08,0,0,-1,1,0.11469,0.125,0.075,0.14131
0.021678,3.6442e-05,1,0,98.096,0,0,-1,1,0.11494,0.125,0.075,0.14106
0.021678,3.6442e-05,1,0,98.111,0,0,-1,1,0.1152,0.125,0.075,0.1408
0.021678,3.6442e-05,1,0,98.127,0,0,-1,1,0.11546,0.125,0.075,0.14054
0.021678,3.6442e-05,1,0,98.142,0,0,-1,1,0.11571,0.125,0.075,0.14029
0.021678,3.6442e-05,1,0,98.158,0,0,-1,1,0.11597,0.125,0.075,0.14003
0.021678,3.6442e-05,1,0,98.174,0,0,-1,1,0.11622,0.125,0.075,0.13978
0.021678,3.6442e-05,1,0,98.189,0,0,-1,1,0.11648,0.125,0.075,0.13952
0.021678,3.6442e-05,1,0,98.205,0,0,-1,1,0.11674,0.125,0.075,0.13926
0.021678,3.6442e-05,1,0,98.22,0,0,-1,1,0.11699,0.125,0.075,0.13901
0.021678,3.6442e-05,1,0,98.236,0,0,-1,1,0.11725,0.125,0.075,0.13875
0.021678,3.6442e-05,1,0,98.252,0,0,-1,1,0.1175,0.125,0.075,0.1385
0.021678,3.6442e-05,1,0,98.267,0,0,-1,1,0.11776,0.125,0.075,0.13824
0.021678,3.6442e-05,1,0,98.283,0,0,-1,1,0.11802,0.125,0.075,0.13798
0.021678,3.6442e-05,1,0,98.298,0,0,-1,1,0.11827,0.125,0.075,0.13773
0.021678,3.6442e-05,1,0,98.314,0,0,-1,1,0.11853,0.125,0.075,0.13747
0.021678,3.6442e-05,1,0,98.33,0,0,-1,1,0.11878,0.125,0.075,0.13722
0.021678,3.6442e-05,1,0,98.345,0,0,-1,1,0.11904,0.125,0.075,0.13696
0.021678,3.6442e-05,1,0,98.361,0,0,-1,1,0.1193,0.125,0.075,0.1367
0.021678,3.6442e-05,1,0,98.376,0,0,-1,1,0.11955,0.125,0.075,0.13645
0.021678,3.6442e-05,1,0,98.392,0,0,-1,1,0.11981,0.125,0.075,0.13619
0.021678,3.6442e-05,1,0,98.408,0,0,-1,1,0.12006,0.125,0.075,0.13594
0.021678,3.6442e-05,1,-3.2893e-16,98.423,-2.5165e-15,0,-1,1,0.12032,0.125,0.075,0.13568
0.021678,3.6442e-05,1,0,98.439,0,0,-1,1,0.12058,0.125,0.075,0.13542
0.021678,3.6442e-05,1,0,98.454,0,0,-1,1,0.12083,0.125,0.075,0.13517
0.021678,3.6442e-05,1,0,98.47,0,0,-1,1,0.12109,0.125,0.075,0.13491
0.021678,3.6442e-05,1,0,98.486,0,0,-1,1,0.12134,0.125,0.075,0.13466
0.021678,3.6442e-05,1,0,98.501,0,0,-1,1,0.1216,0.125,0.075,0.1344
0.021678,3.6442e-05,1,0,98.517,0,0,-1,1,0.12186,0.125,0.075,0.13414
0.021678,3.6442e-05,1,0,98.532,0,0,-1,1,0.12211,0.125,0.075,0.13389
0.021678,3.6442e-05,1,0,98.548,0,0,-1,1,0.12237,0.125,0.075,0.13363
0.021678,3.6442e-05,1,0,98.564,0,0,-1,1,0.12262,0.125,0.075,0.13338
0.021678,3.6442e-05,1,0,98.579,0,0,-1,1,0.12288,0.125,0.075,0.13312
0.021678,3.6442e-05,1,0,98.59,0,0,-1,1,0.12314,0.125,0.075,0.13286
0.021678,3.6442e-05,1,0,98.601,0,0,-1,1,0.12339,0.125,0.075,0.13261
0.021678,3.6442e-05,1,0,98.612,0,0,-1,1,0.12365,0.125,0.075,0.13235
0.021678,3.6442e-05,1,0,98.622,0,0,-1,1,0.1239,0.125,0.075,0.1321
0.021678,3.6442e-05,1,0,98.633,0,0,-1,1,0.12416,0.125,0.075,0.13184
0.021678,3.6442e-05,1,0,98.644,0,0,-1,1,0.12442,0.125,0.075,0.13158
0.021678,3.6442e-05,1,0,98.655,0,0,-1,1,0.12467,0.125,0.075,0.13133
0.021678,3.6442e-05,1,0,98.666,0,0,-1,1,0.12493,0.125,0.075,0.13107
0.021678,3.6442e-05,1,0,98.677,0,0,-1,1,0.12518,0.125,0.075,0.13082
0.021678,3.6442e-05,1,0,98.687,0,0,-1,1,0.12544,0.125,0.075,0.13056
0.021678,3.6442e-05,1,0,98.698,0,0,-1,1,0.1257,0.125,0.075,0.1303
0.021678,3.6442e-05,1,0,98.709,0,0,-1,1,0.12595,0.125,0.075,0.13005
0.021678,3.6442e-05,1,0,98.72,0,0,-1,1,0.12621,0.125,0.075,0.12979
0.021678,3.6442e-05,1,0,98.731,0,0,-1,1,0.12646,0.125,0.075,0.12954
0.021678,3.6442e-05,1,0,98.742,0,0,-1,1,0.12672,0.125,0.075,0.12928
0.021678,3.6442e-05,1,0,98.752,0,0,-1,1,0.12698,0.125,0.075,0.12902
0.021678,3.6442e-05,1,0,98.763,0,0,-1,1,0.12723,0.125,0.075,0.12877
0.021678,3.6442e-05,1,0,98.774,0,0,-1,1,0.12749,0.125,0.075,0.12851
0.021678,3.6442e-05,1,0,98.785,0,0,-1,1,0.12774,0.125,0.075,0.12826
0.021678,3.6442e-05,1,0,98.796,0,0,-1,1,0.128,0.125,0.075,0.128
0.021678,3.6442e-05,1,0,98.807,0,0,-1,1,0.12826,0.125,0.075,0.12774
0.021678,3.6442e-05,1,0,98.817,0,0,-1,1,0.12851,0.125,0.075,0.12749
0.021678,3.6442e-05,1,0,98.828,0,0,-1,1,0.12877,0.125,0.075,0.12723
0.021678,3.6442e-05,1,0,98.839,0,0,-1,1,0.12902,0.125,0.075,0.12698
0.021678,3.6442e-05,1,0,98.85,0,0,-1,1,0.12928,0.125,0.075,0.12672
0.021678,3.6442e-05,1,0,98.861,0,0,-1,1,0.12954,0.125,0.075,0.12646
0.021678,3.6442e-05,1,0,98.872,0,0,-1,1,0.12979,0.125,0.075,0.12621
0.021678,3.6442e-05,1,0,98.882,0,0,-1,1,0.13005,0.125,0.075,0.12595
0.021678,3.6442e-05,1,0,98.893,0,0,-1,1,0.1303,0.125,0.075,0.1257
0.021678,3.6442e-05,1,0,98.904,0,0,-1,1,0.13056,0.125,0.075,0.12544
0.021678,3.6442e-05,1,0,98.915,0,0,-1,1,0.13082,0.125,0.075,0.12518
0.021678,3.6442e-05,1,0,98.926,0,0,-1,1,0.13107,0.125,0.075,0.12493
0.021678,3.6442e-05,1,0,98.936,0,0,-1,1,0.13133,0.125,0.075,0.12467
0.021678,3.6442e-05,1,0,98.947,0,0,-1,1,0.13158,0.125,0.075,0.12442
0.021678,3.6442e-05,1,0,98.958,0,0,-1,1,0.13184,0.125,0.075,0.12416
0.021678,3.6442e-05,1,0,98.969,0,0,-1,1,0.1321,0.125,0.075,0.1239
0.021678,3.6442e-05,1,0,98.98,0,0,-1,1,0.13235,0.125,0.075,0.12365
0.021678,3.6442e-05,1,0,98.991,0,0,-1,1,0.13261,0.125,0.075,0.12339
0.021678,3.6442e-05,1,-1.5788e-16,99.001,-1.2079e-15,0,-1,1,0.13286,0.125,0.075,0.12314
0.021678,3.6442e-05,1,0,99.012,0,0,-1,1,0.13312,0.125,0.075,0.12288
0.021678,3.6442e-05,1,0,99.02,0,0,-1,1,0.13338,0.125,0.075,0.12262
0.021678,3.6442e-05,1,0,99.027,0,0,-1,1,0.13363,0.125,0.075,0.12237
0.021678,3.6442e-05,1,0,99.035,0,0,-1,1,0.13389,0.125,0.075,0.12211
0.021678,3.6442e-05,1,0,99.042,0,0,-1,1,0.13414,0.125,0.075,0.12186
0.021678,3.6442e-05,1,0,99.05,0,0,-1,1,0.1344,0.125,0.075,0.1216
0.021678,3.6442e-05,1,0,99.057,0,0,-1,1,0.13466,0.125,0.075,0.12134
0.021678,3.6442e-05,1,0,99.065,0,0,-1,1,0.13491,0.125,0.075,0.12109
0.021678,3.6442e-05,1,0,99.072,0,0,-1,1,0.13517,0.125,0.075,0.12083
0.021678,3.6442e-05,1,0,99.08,0,0,-1,1,0.13542,0.125,0.075,0.12058
0.021678,3.6442e-05,1,0,99.087,0,0,-1,1,0.13568,0.125,0.075,0.12032
0.021678,3.6442e-05,1,0,99.095,0,0,-1,1,0.13594,0.125,0.075,0.12006
0.021678,3.6442e-05,1,0,99.103,0,0,-1,1,0.13619,0.125,0.075,0.11981
0.021678,3.6442e-05,1,0,99.11,0,0,-1,1,0.13645,0.125,0.075,0.11955
0.021678,3.6442e-05,1,0,99.118,0,0,-1,1,0.1367,0.125,0.075,0.1193
0.021678,3.6442e-05,1,0,99.125,0,0,-1,1,0.13696,0.125,0.075,0.11904
0.021678,3.6442e-05,1,0,99.133,0,0,-1,1,0.13722,0.125,0.075,0.11878
0.021678,3.6442e-05,1,0,99.14,0,0,-1,1,0.13747,0.125,0.075,0.11853
0.021678,3.6442e-05,1,0,99.148,0,0,-1,1,0.13773,0.125,0.075,0.11827
0.021678,3.6442e-05,1,0,99.155,0,0,-1,1,0.13798,0.125,0.075,0.11802
0.021678,3.6442e-05,1,0,99.163,0,0,-1,1,0.13824,0.125,0.075,0.11776
0.021678,3.6442e-05,1,0,99.17,0,0,-1,1,0.1385,0.125,0.075,0.1175
0.021678,3.6442e-05,1,0,99.178,0,0,-1,1,0.13875,0.125,0.075,0.11725
0.021678,3.6442e-05,1,0,99.185,0,0,-1,1,0.13901,0.125,0.075,0.11699
0.021678,3.6442e-05,1,0,99.193,0,0,-1,1,0.13926,0.125,0.075,0.11674
0.021678,3.6442e-05,1,0,99.2,0,0,-1,1,0.13952,0.125,0.075,0.11648
0.021678,3.6442e-05,1,0,99.208,0,0,-1,1,0.13978,0.125,0.075,0.11622
0.021678,3.6442e-05,1,0,99.215,0,0,-1,1,0.14003,0.125,0.075,0.11597
0.021678,3.6442e-05,1,0,99.223,0,0,-1,1,0.14029,0.125,0.075,0.11571
0.021678,3.6442e-05,1,0,99.23,0,0,-1,1,0.14054,0.125,0.075,0.11546
0.021678,3.6442e-05,1,0,99.238,0,0,-1,1,0.1408,0.125,0.075,0.1152
0.021678,3.6442e-05,1,0,99.245,0,0,-1,1,0.14106,0.125,0.075,0.11494
0.021678,3.6442e-05,1,0,99.253,0,0,-1,1,0.14131,0.125,0.075,0.11469
0.021678,3.6442e-05,1,0,99.26,0,0,-1,1,0.14157,0.125,0.075,0.11443
0.021678,3.6442e-05,1,0,99.268,0,0,-1,1,0.14182,0.125,0.075,0.11418
0.021678,3.6442e-05,1,0,99.276,0,0,-1,1,0.14208,0.125,0.075,0.11392
0.021678,3.6442e-05,1,0,99.283,0,0,-1,1,0.14234,0.125,0.075,0.11366
0.021678,3.6442e-05,1,0,99.291,0,0,-1,1,0.14259,0.125,0.075,0.11341
0.021678,3.6442e-05,1,0,99.298,0,0,-1,1,0.14285,0.125,0.075,0.11315
0.021678,3.6442e-05,1,0,99.306,0,0,-1,1,0.1431,0.125,0.075,0.1129
0.021678,3.6442e-05,1,1.6446e-16,99.313,1.2582e-15,0,-1,1,0.14336,0.125,0.075,0.11264
0.021678,3.6442e-05,1,0,99.318,0,0,-1,1,0.14362,0.125,0.075,0.11238
0.021678,3.6442e-05,1,0,99.324,0,0,-1,1,0.14387,0.125,0.075,0.11213
0.021678,3.6442e-05,1,0,99.329,0,0,-1,1,0.14413,0.125,0.075,0.11187
0.021678,3.6442e-05,1,0,99.334,0,0,-1,1,0.14438,0.125,0.075,0.11162
0.021678,3.6442e-05,1,0,99.339,0,0,-1,1,0.14464,0.125,0.075,0.11136
0.021678,3.6442e-05,1,0,99.344,0,0,-1,1,0.1449,0.125,0.075,0.1111
0.021678,3.6442e-05,1,0,99.35,0,0,-1,1,0.14515,0.125,0.075,0.11085
0.021678,3.6442e-05,1,0,99.355,0,0,-1,1,0.14541,0.125,0.075,0.11059
0.021678,3.6442e-05,1,0,99.36,0,0,-1,1,0.14566,0.125,0.075,0.11034
0.021678,3.6442e-05,1,0,99.365,0,0,-1,1,0.14592,0.125,0.075,0.11008
0.021678,3.6442e-05,1,0,99.371,0,0,-1,1,0.14618,0.125,0.075,0.10982
0.021678,3.6442e-05,1,0,99.376,0,0,-1,1,0.14643,0.125,0.075,0.10957
0.021678,3.6442e-05,1,0,99.381,0,0,-1,1,0.14669,0.125,0.075,0.10931
0.021678,3.6442e-05,1,0,99.386,0,0,-1,1,0.14694,0.125,0.075,0.10906
0.021678,3.6442e-05,1,0,99.391,0,0,-1,1,0.1472,0.125,0.075,0.1088
0.021678,3.6442e-05,1,0,99.397,0,0,-1,1,0.14746,0.125,0.075,0.10854
0.021678,3.6442e-05,1,0,99.402,0,0,-1,1,0.14771,0.125,0.075,0.10829
0.021678,3.6442e-05,1,0,99.407,0,0,-1,1,0.14797,0.125,0.075,0.10803
0.021678,3.6442e-05,1,0,99.412,0,0,-1,1,0.14822,0.125,0.075,0.10778
0.021678,3.6442e-05,1,0,99.418,0,0,-1,1,0.14848,0.125,0.075,0.10752
0.021678,3.6442e-05,1,0,99.423,0,0,-1,1,0.14874,0.125,0.075,0.10726
0.021678,3.6442e-05,1,0,99.428,0,0,-1,1,0.14899,0.125,0.075,0.10701
0.021678,3.6442e-05,1,0,99.433,0,0,-1,1,0.14925,0.125,0.075,0.10675
0.021678,3.6442e-05,1,0,99.439,0,0,-1,1,0.1495,0.125,0.075,0.1065
0.021678,3.6442e-05,1,0,99.444,0,0,-1,1,0.14976,0.125,0.075,0.10624
0.021678,3.6442e-05,1,0,99.449,0,0,-1,1,0.15002,0.125,0.075,0.10598
0.021678,3.6442e-05,1,0,99.454,0,0,-1,1,0.15027,0.125,0.075,0.10573
0.021678,3.6442e-05,1,0,99.459,0,0,-1,1,0.15053,0.125,0.075,0.10547
0.021678,3.6442e-05,1,0,99.465,0,0,-1,1,0.15078,0.125,0.075,0.10522
0.021678,3.6442e-05,1,0,99.47,0,0,-1,1,0.15104,0.125,0.075,0.10496
0.021678,3.6442e-05,1,-1.5788e-16,99.475,-1.2079e-15,0,-1,1,0.1513,0.125,0.075,0.1047
0.021678,3.6442e-05,1,0,99.48,0,0,-1,1,0.15155,0.125,0.075,0.10445
0.021678,3.6442e-05,1,0,99.486,0,0,-1,1,0.15181,0.125,0.075,0.10419
0.021678,3.6442e-05,1,0,99.491,0,0,-1,1,0.15206,0.125,0.075,0.10394
0.021678,3.6442e-05,1,0,99.496,0,0,-1,1,0.15232,0.125,0.075,0.10368
0.021678,3.6442e-05,1,0,99.501,0,0,-1,1,0.15258,0.125,0.075,0.10342
0.021678,3.6442e-05,1,0,99.506,0,0,-1,1,0.15283,0.125,0.075,0.10317
0.021678,3.6442e-05,1,0,99.512,0,0,-1,1,0.15309,0.125,0.075,0.10291
0.021678,3.6442e-05,1,0,99.517,0,0,-1,1,0.15334,0.125,0.075,0.10266
0.021678,3.6442e-05,1,1.6446e-16,99.522,1.2582e-15,0,-1,1,0.1536,0.125,0.075,0.1024
0.021678,3.6442e-05,1,0,99.526,0,0,-1,1,0.15386,0.125,0.075,0.10214
0.021678,3.6442e-05,1,0,99.529,0,0,-1,1,0.15411,0.125,0.075,0.10189
0.021678,3.6442e-05,1,0,99.533,0,0,-1,1,0.15437,0.125,0.075,0.10163
0.021678,3.6442e-05,1,0,99.537,0,0,-1,1,0.15462,0.125,0.075,0.10138
0.021678,3.6442e-05,1,0,99.54,0,0,-1,1,0.15488,0.125,0.075,0.10112
0.021678,3.6442e-05,1,0,99.544,0,0,-1,1,0.15514,0.125,0.075,0.10086
0.021678,3.6442e-05,1,0,99.548,0,0,-1,1,0.15539,0.125,0.075,0.10061
0.021678,3.6442e-05,1,0,99.551,0,0,-1,1,0.15565,0.125,0.075,0.10035
0.021678,3.6442e-05,1,0,99.555,0,0,-1,1,0.1559,0.125,0.075,0.1001
0.021678,3.6442e-05,1,0,99.558,0,0,-1,1,0.15616,0.125,0.075,0.09984
0.021678,3.6442e-05,1,0,99.562,0,0,-1,1,0.15642,0.125,0.075,0.099584
0.021678,3.6442e-05,1,0,99.566,0,0,-1,1,0.15667,0.125,0.075,0.099328
0.021678,3.6442e-05,1,0,99.569,0,0,-1,1,0.15693,0.125,0.075,0.099072
0.021678,3.6442e-05,1,0,99.573,0,0,-1,1,0.15718,0.125,0.075,0.098816
0.021678,3.6442e-05,1,0,99.577,0,0,-1,1,0.15744,0.125,0.075,0.09856
0.021678,3.6442e-05,1,0,99.58,0,0,-1,1,0.1577,0.125,0.075,0.098304
0.021678,3.6442e-05,1,0,99.584,0,0,-1,1,0.15795,0.125,0.075,0.098048
0.021678,3.6442e-05,1,0,99.587,0,0,-1,1,0.15821,0.125,0.075,0.097792
0.021678,3.6442e-05,1,0,99.591,0,0,-1,1,0.15846,0.125,0.075,0.097536
0.021678,3.6442e-05,1,0,99.595,0,0,-1,1,0.15872,0.125,0.075,0.09728
0.021678,3.6442e-05,1,0,99.598,0,0,-1,1,0.15898,0.125,0.075,0.097024
0.021678,3.6442e-05,1,0,99.602,0,0,-1,1,0.15923,0.125,0.075,0.096768
0.021678,3.6442e-05,1,0,99.606,0,0,-1,1,0.15949,0.125,0.075,0.096512
0.021678,3.6442e-05,1,0,99.609,0,0,-1,1,0.15974,0.125,0.075,0.096256
0.021678,3.6442e-05,1,0,99.613,0,0,-1,1,0.16,0.125,0.075,0.096
0.021678,3.6442e-05,1,0,99.617,0,0,-1,1,0.16026,0.125,0.075,0.095744
0.021678,3.6442e-05,1,0,99.62,0,0,-1,1,0.16051,0.125,0.075,0.095488
0.021678,3.6442e-05,1,0,99.624,0,0,-1,1,0.16077,0.125,0.075,0.095232
0.021678,3.6442e-05,1,0,99.627,0,0,-1,1,0.16102,0.125,0.075,0.094976
0.021678,3.6442e-05,1,0,99.631,0,0,-1,1,0.16128,0.125,0.075,0.09472
0.021678,3.6442e-05,1,0,99.635,0,0,-1,1,0.16154,0.125,0.075,0.094464
0.021678,3.6442e-05,1,0,99.638,0,0,-1,1,0.16179,0.125,0.075,0.094208
0.021678,3.6442e-05,1,0,99.642,0,0,-1,1,0.16205,0.125,0.075,0.093952
0.021678,3.6442e-05,1,0,99.646,0,0,-1,1,0.1623,0.125,0.075,0.093696
0.021678,3.6442e-05,1,0,99.649,0,0,-1,1,0.16256,0.125,0.075,0.09344
0.021678,3.6442e-05,1,0,99.653,0,0,-1,1,0.16282,0.125,0.075,0.093184
0.021678,3.6442e-05,1,0,99.656,0,0,-1,1,0.16307,0.125,0.075,0.092928
0.021678,3.6442e-05,1,0,99.66,0,0,-1,1,0.16333,0.125,0.075,0.092672
0.021678,3.6442e-05,1,0,99.664,0,0,-1,1,0.16358,0.125,0.075,0.092416
0.021678,3.6442e-05,1,0,99.667,0,0,-1,1,0.16384,0.125,0.075,0.09216
0.021678,3.6442e-05,1,0,99.67,0,0,-1,1,0.1641,0.125,0.075,0.091904
0.021678,3.6442e-05,1,0,99.672,0,0,-1,1,0.16435,0.125,0.075,0.091648
0.021678,3.6442e-05,1,0,99.675,0,0,-1,1,0.16461,0.125,0.075,0.091392
0.021678,3.6442e-05,1,0,99.677,0,0,-1,1,0.16486,0.125,0.075,0.091136
0.021678,3.6442e-05,1,0,99.68,0,0,-1,1,0.16512,0.125,0.075,0.09088
0.021678,3.6442e-05,1,0,99.683,0,0,-1,1,0.16538,0.125,0.075,0.090624
0.021678,3.6442e-05,1,0,99.685,0,0,-1,1,0.16563,0.125,0.075,0.090368
0.021678,3.6442e-05,1,0,99.688,0,0,-1,1,0.16589,0.125,0.075,0.090112
0.021678,3.6442e-05,1,0,99.69,0,0,-1,1,0.16614,0.125,0.075,0.089856
0.021678,3.6442e-05,1,0,99.693,0,0,-1,1,0.1664,0.125,0.075,0.0896
0.021678,3.6442e-05,1,0,99.695,0,0,-1,1,0.16666,0.125,0.075,0.089344
0.021678,3.6442e-05,1,0,99.698,0,0,-1,1,0.16691,0.125,0.075,0.089088
0.021678,3.6442e-05,1,0,99.7,0,0,-1,1,0.16717,0.125,0.075,0.088832
0.021678,3.6442e-05,1,0,99.703,0,0,-1,1,0.16742,0.125,0.075,0.088576
0.021678,3.6442e-05,1,0,99.705,0,0,-1,1,0.16768,0.125,0.075,0.08832
0.021678,3.6442e-05,1,0,99.708,0,0,-1,1,0.16794,0.125,0.075,0.088064
0.021678,3.6442e-05,1,0,99.71,0,0,-1,1,0.16819,0.125,0.075,0.087808
0.021678,3.6442e-05,1,0,99.713,0,0,-1,1,0.16845,0.125,0.075,0.087552
0.021678,3.6442e-05,1,0,99.715,0,0,-1,1,0.1687,0.125,0.075,0.087296
0.021678,3.6442e-05,1,0,99.718,0,0,-1,1,0.16896,0.125,0.075,0.08704
0.021678,3.6442e-05,1,0,99.72,0,0,-1,1,0.16922,0.125,0.075,0.086784
0.021678,3.6442e-05,1,0,99.723,0,0,-1,1,0.16947,0.125,0.075,0.086528
0.021678,3.6442e-05,1,0,99.725,0,0,-1,1,0.16973,0.125,0.075,0.086272
0.021678,3.6442e-05,1,0,99.728,0,0,-1,1,0.16998,0.125,0.075,0.086016
0.021678,3.6442e-05,1,0,99.73,0,0,-1,1,0.17024,0.125,0.075,0.08576
0.021678,3.6442e-05,1,0,99.733,0,0,-1,1,0.1705,0.125,0.075,0.085504
0.021678,3.6442e-05,1,0,99.736,0,0,-1,1,0.17075,0.125,0.075,0.085248
0.021678,3.6442e-05,1,0,99.738,0,0,-1,1,0.17101,0.125,0.075,0.084992
0.021678,3.6442e-05,1,0,99.741,0,0,-1,1,0.17126,0.125,0.075,0.084736
0.021678,3.6442e-05,1,-3.2893e-16,99.743,-2.5165e-15,0,-1,1,0.17152,0.125,0.075,0.08448
0.021678,3.6442e-05,1,0,99.746,0,0,-1,1,0.17178,0.125,0.075,0.084224
0.021678,3.6442e-05,1,0,99.748,0,0,-1,1,0.17203,0.125,0.075,0.083968
0.021678,3.6442e-05,1,0,99.751,0,0,-1,1,0.17229,0.125,0.075,0.083712
0.021678,3.6442e-05,1,0,99.753,0,0,-1,1,0.17254,0.125,0.075,0.083456
0.021678,3.6442e-05,1,0,99.756,0,0,-1,1,0.1728,0.125,0.075,0.0832
0.021678,3.6442e-05,1,0,99.758,0,0,-1,1,0.17306,0.125,0.075,0.082944
0.021678,3.6442e-05,1,0,99.761,0,0,-1,1,0.17331,0.125,0.075,0.082688
0.021678,3.6442e-05,1,0,99.763,0,0,-1,1,0.17357,0.125,0.075,0.082432
0.021678,3.6442e-05,1,0,99.766,0,0,-1,1,0.17382,0.125,0.075,0.082176
0.021678,3.6442e-05,1,1.6446e-16,99.768,1.2582e-15,0,-1,1,0.17408,0.125,0.075,0.08192
0.021678,3.6442e-05,1,0,99.77,0,0,-1,1,0.17434,0.125,0.075,0.081664
0.021678,3.6442e-05,1,0,99.772,0,0,-1,1,0.17459,0.125,0.075,0.081408
0.021678,3.6442e-05,1,0,99.774,0,0,-1,1,0.17485,0.125,0.075,0.081152
0.021678,3.6442e-05,1,0,99.775,0,0,-1,1,0.1751,0.125,0.075,0.080896
0.021678,3.6442e-05,1,0,99.777,0,0,-1,1,0.17536,0.125,0.075,0.08064
0.021678,3.6442e-05,1,0,99.779,0,0,-1,1,0.17562,0.125,0.075,0.080384
0.021678,3.6442e-05,1,0,99.781,0,0,-1,1,0.17587,0.125,0.075,0.080128
0.021678,3.6442e-05,1,0,99.782,0,0,-1,1,0.17613,0.125,0.075,0.079872
0.021678,3.6442e-05,1,0,99.784,0,0,-1,1,0.17638,0.125,0.075,0.079616
0.021678,3.6442e-05,1,0,99.786,0,0,-1,1,0.17664,0.125,0.075,0.07936
0.021678,3.6442e-05,1,0,99.788,0,0,-1,1,0.1769,0.125,0.075,0.079104
0.021678,3.6442e-05,1,0,99.789,0,0,-1,1,0.17715,0.125,0.075,0.078848
0.021678,3.6442e-05,1,0,99.791,0,0,-1,1,0.17741,0.125,0.075,0.078592
0.021678,3.6442e-05,1,0,99.793,0,0,-1,1,0.17766,0.125,0.075,0.078336
0.021678,3.6442e-05,1,0,99.795,0,0,-1,1,0.17792,0.125,0.075,0.07808
0.021678,3.6442e-05,1,0,99.796,0,0,-1,1,0.17818,0.125,0.075,0.077824
0.021678,3.6442e-05,1,0,99.798,0,0,-1,1,0.17843,0.125,0.075,0.077568
0.021678,3.6442e-05,1,0,99.8,0,0,-1,1,0.17869,0.125,0.075,0.077312
0.021678,3.6442e-05,1,0,99.802,0,0,-1,1,0.17894,0.125,0.075,0.077056
0.021678,3.6442e-05,1,0,99.803,0,0,-1,1,0.1792,0.125,0.075,0.0768
0.021678,3.6442e-05,1,0,99.805,0,0,-1,1,0.17946,0.125,0.075,0.076544
0.021678,3.6442e-05,1,0,99.807,0,0,-1,1,0.17971,0.125,0.075,0.076288
0.021678,3.6442e-05,1,0,99.809,0,0,-1,1,0.17997,0.125,0.075,0.076032
0.021678,3.6442e-05,1,0,99.81,0,0,-1,1,0.18022,0.125,0.075,0.075776
0.021678,3.6442e-05,1,0,99.812,0,0,-1,1,0.18048,0.125,0.075,0.07552
0.021678,3.6442e-05,1,0,99.814,0,0,-1,1,0.18074,0.125,0.075,0.075264
0.021678,3.6442e-05,1,0,99.816,0,0,-1,1,0.18099,0.125,0.075,0.075008
0.021678,3.6442e-05,1,0,99.817,0,0,-1,1,0.18125,0.125,0.075,0.074752
0.021678,3.6442e-05,1,0,99.819,0,0,-1,1,0.1815,0.125,0.075,0.074496
0.021678,3.6442e-05,1,0,99.821,0,0,-1,1,0.18176,0.125,0.075,0.07424
0.021678,3.6442e-05,1,0,99.823,0,0,-1,1,0.18202,0.125,0.075,0.073984
0.021678,3.6442e-05,1,0,99.825,0,0,-1,1,0.18227,0.125,0.075,0.073728
0.021678,3.6442e-05,1,0,99.826,0,0,-1,1,0.18253,0.125,0.075,0.073472
0.021678,3.6442e-05,1,0,99.828,0,0,-1,1,0.18278,0.125,0.075,0.073216
0.021678,3.6442e-05,1,0,99.83,0,0,-1,1,0.18304,0.125,0.075,0.07296
0.021678,3.6442e-05,1,0,99.832,0,0,-1,1,0.1833,0.125,0.075,0.072704
0.021678,3.6442e-05,1,0,99.833,0,0,-1,1,0.18355,0.125,0.075,0.072448
0.021678,3.6442e-05,1,0,99.835,0,0,-1,1,0.18381,0.125,0.075,0.072192
0.021678,3.6442e-05,1,0,99.837,0,0,-1,1,0.18406,0.125,0.075,0.071936
0.021678,3.6442e-05,1,0,99.839,0,0,-1,1,0.18432,0.125,0.075,0.07168
0.021678,3.6442e-05,1,0,99.84,0,0,-1,1,0.18458,0.125,0.075,0.071424
0.021678,3.6442e-05,1,0,99.841,0,0,-1,1,0.18483,0.125,0.075,0.071168
0.021678,3.6442e-05,1,0,99.842,0,0,-1,1,0.18509,0.125,0.075,0.070912
0.021678,3.6442e-05,1,0,99.843,0,0,-1,1,0.18534,0.125,0.075,0.070656
0.021678,3.6442e-05,1,0,99.845,0,0,-1,1,0.1856,0.125,0.075,0.0704
0.021678,3.6442e-05,1,0,99.846,0,0,-1,1,0.18586,0.125,0.075,0.070144
0.021678,3.6442e-05,1,0,99.847,0,0,-1,1,0.18611,0.125,0.075,0.069888
0.021678,3.6442e-05,1,0,99.848,0,0,-1,1,0.18637,0.125,0.075,0.069632
0.021678,3.6442e-05,1,0,99.85,0,0,-1,1,0.18662,0.125,0.075,0.069376
0.021678,3.6442e-05,1,0,99.851,0,0,-1,1,0.18688,0.125,0.075,0.06912
0.021678,3.6442e-05,1,0,99.852,0,0,-1,1,0.18714,0.125,0.075,0.068864
0.021678,3.6442e-05,1,0,99.853,0,0,-1,1,0.18739,0.125,0.075,0.068608
0.021678,3.6442e-05,1,0,99.854,0,0,-1,1,0.18765,0.125,0.075,0.068352
0.021678,3.6442e-05,1,0,99.856,0,0,-1,1,0.1879,0.125,0.075,0.068096
0.021678,3.6442e-05,1,0,99.857,0,0,-1,1,0.18816,0.125,0.075,0.06784
0.021678,3.6442e-05,1,0,99.858,0,0,-1,1,0.18842,0.125,0.075,0.067584
0.021678,3.6442e-05,1,0,99.859,0,0,-1,1,0.18867,0.125,0.075,0.067328
0.021678,3.6442e-05,1,0,99.86,0,0,-1,1,0.18893,0.125,0.075,0.067072
0.021678,3.6442e-05,1,0,99.862,0,0,-1,1,0.18918,0.125,0.075,0.066816
0.021678,3.6442e-05,1,0,99.863,0,0,-1,1,0.18944,0.125,0.075,0.06656
0.021678,3.6442e-05,1,0,99.864,0,0,-1,1,0.1897,0.125,0.075,0.066304
0.021678,3.6442e-05,1,0,99.865,0,0,-1,1,0.18995,0.125,0.075,0.066048
0.021678,3.6442e-05,1,0,99.867,0,0,-1,1,0.19021,0.125,0.075,0.065792
0.021678,3.6442e-05,1,0,99.868,0,0,-1,1,0.19046,0.125,0.075,0.065536
0.021678,3.6442e-05,1,0,99.869,0,0,-1,1,0.19072,0.125,0.075,0.06528
0.021678,3.6442e-05,1,0,99.87,0,0,-1,1,0.19098,0.125,0.075,0.065024
0.021678,3.6442e-05,1,0,99.871,0,0,-1,1,0.19123,0.125,0.075,0.064768
0.021678,3.6442e-05,1,0,99.873,0,0,-1,1,0.19149,0.125,0.075,0.064512
0.021678,3.6442e-05,1,0,99.874,0,0,-1,1,0.19174,0.125,0.075,0.064256
0.021678,3.6442e-05,1,-3.2893e-16,99.875,-2.5165e-15,0,-1,1,0.192,0.125,0.075,0.064
0.021678,3.6442e-05,1,0,99.876,0,0,-1,1,0.19226,0.125,0.075,0.063744
0.021678,3.6442e-05,1,0,99.878,0,0,-1,1,0.19251,0.125,0.075,0.063488
0.021678,3.6442e-05,1,0,99.879,0,0,-1,1,0.19277,0.125,0.075,0.063232
0.021678,3.6442e-05,1,0,99.88,0,0,-1,1,0.19302,0.125,0.075,0.062976
0.021678,3.6442e-05,1,1.6446e-16,99.881,1.2582e-15,0,-1,1,0.19328,0.125,0.075,0.06272
0.021678,3.6442e-05,1,0,99.882,0,0,-1,1,0.19354,0.125,0.075,0.062464
0.021678,3.6442e-05,1,0,99.884,0,0,-1,1,0.19379,0.125,0.075,0.062208
0.021678,3.6442e-05,1,0,99.885,0,0,-1,1,0.19405,0.125,0.075,0.061952
0.021678,3.6442e-05,1,1.6446e-16,99.886,1.2582e-15,0,-1,1,0.1943,0.125,0.075,0.061696
0.021678,3.6442e-05,1,0,99.887,0,0,-1,1,0.19456,0.125,0.075,0.06144
0.021678,3.6442e-05,1,0,99.888,0,0,-1,1,0.19482,0.125,0.075,0.061184
0.021678,3.6442e-05,1,0,99.889,0,0,-1,1,0.19507,0.125,0.075,0.060928
0.021678,3.6442e-05,1,0,99.89,0,0,-1,1,0.19533,0.125,0.075,0.060672
0.021678,3.6442e-05,1,0,99.891,0,0,-1,1,0.19558,0.125,0.075,0.060416
0.021678,3.6442e-05,1,0,99.892,0,0,-1,1,0.19584,0.125,0.075,0.06016
0.021678,3.6442e-05,1,0,99.892,0,0,-1,1,0.1961,0.125,0.075,0.059904
0.021678,3.6442e-05,1,0,99.893,0,0,-1,1,0.19635,0.125,0.075,0.059648
0.021678,3.6442e-05,1,0,99.894,0,0,-1,1,0.19661,0.125,0.075,0.059392
0.021678,3.6442e-05,1,0,99.895,0,0,-1,1,0.19686,0.125,0.075,0.059136
0.021678,3.6442e-05,1,0,99.896,0,0,-1,1,0.19712,0.125,0.075,0.05888
0.021678,3.6442e-05,1,0,99.897,0,0,-1,1,0.19738,0.125,0.075,0.058624
0.021678,3.6442e-05,1,0,99.897,0,0,-1,1,0.19763,0.125,0.075,0.058368
0.021678,3.6442e-05,1,0,99.898,0,0,-1,1,0.19789,0.125,0.075,0.058112
0.021678,3.6442e-05,1,0,99.899,0,0,-1,1,0.19814,0.125,0.075,0.057856
0.021678,3.6442e-05,1,0,99.9,0,0,-1,1,0.1984,0.125,0.075,0.0576
0.021678,3.6442e-05,1,0,99.901,0,0,-1,1,0.19866,0.125,0.075,0.057344
0.021678,3.6442e-05,1,0,99.902,0,0,-1,1,0.19891,0.125,0.075,0.057088
0.021678,3.6442e-05,1,0,99.902,0,0,-1,1,0.19917,0.125,0.075,0.056832
0.021678,3.6442e-05,1,0,99.903,0,0,-1,1,0.19942,0.125,0.075,0.056576
0.021678,3.6442e-05,1,0,99.904,0,0,-1,1,0.19968,0.125,0.075,0.05632
0.021678,3.6442e-05,1,0,99.905,0,0,-1,1,0.19994,0.125,0.075,0.056064
0.021678,3.6442e-05,1,0,99.906,0,0,-1,1,0.20019,0.125,0.075,0.055808
0.021678,3.6442e-05,1,0,99.907,0,0,-1,1,0.20045,0.125,0.075,0.055552
0.021678,3.6442e-05,1,0,99.908,0,0,-1,1,0.2007,0.125,0.075,0.055296
0.021678,3.6442e-05,1,0,99.908,0,0,-1,1,0.20096,0.125,0.075,0.05504
0.021678,3.6442e-05,1,0,99.909,0,0,-1,1,0.20122,0.125,0.075,0.054784
0.021678,3.6442e-05,1,0,99.91,0,0,-1,1,0.20147,0.125,0.075,0.054528
0.021678,3.6442e-05,1,0,99.911,0,0,-1,1,0.20173,0.125,0.075,0.054272
0.021678,3.6442e-05,1,0,99.912,0,0,-1,1,0.20198,0.125,0.075,0.054016
0.021678,3.6442e-05,1,0,99.913,0,0,-1,1,0.20224,0.125,0.075,0.05376
0.021678,3.6442e-05,1,0,99.913,0,0,-1,1,0.2025,0.125,0.075,0.053504
0.021678,3.6442e-05,1,0,99.914,0,0,-1,1,0.20275,0.125,0.075,0.053248
0.021678,3.6442e-05,1,1.6446e-16,99.915,1.2582e-15,0,-1,1,0.20301,0.125,0.075,0.052992
0.021678,3.6442e-05,1,0,99.916,0,0,-1,1,0.20326,0.125,0.075,0.052736
0.021678,3.6442e-05,1,0,99.917,0,0,-1,1,0.20352,0.125,0.075,0.05248
0.021678,3.6442e-05,1,0,99.918,0,0,-1,1,0.20378,0.125,0.075,0.052224
0.021678,3.6442e-05,1,0,99.919,0,0,-1,1,0.20403,0.125,0.075,0.051968
0.021678,3.6442e-05,1,0,99.919,0,0,-1,1,0.20429,0.125,0.075,0.051712
0.021678,3.6442e-05,1,0,99.92,0,0,-1,1,0.20454,0.125,0.075,0.051456
0.021678,3.6442e-05,1,0,99.921,0,0,-1,1,0.2048,0.125,0.075,0.0512
0.021678,3.6442e-05,1,0,99.922,0,0,-1,1,0.20506,0.125,0.075,0.050944
0.021678,3.6442e-05,1,0,99.922,0,0,-1,1,0.20531,0.125,0.075,0.050688
0.021678,3.6442e-05,1,0,99.923,0,0,-1,1,0.20557,0.125,0.075,0.050432
0.021678,3.6442e-05,1,0,99.923,0,0,-1,1,0.20582,0.125,0.075,0.050176
0.021678,3.6442e-05,1,0,99.924,0,0,-1,1,0.20608,0.125,0.075,0.04992
0.021678,3.6442e-05,1,0,99.925,0,0,-1,1,0.20634,0.125,0.075,0.049664
0.021678,3.6442e-05,1,0,99.925,0,0,-1,1,0.20659,0.125,0.075,0.049408
0.021678,3.6442e-05,1,0,99.926,0,0,-1,1,0.20685,0.125,0.075,0.049152
0.021678,3.6442e-05,1,0,99.926,0,0,-1,1,0.2071,0.125,0.075,0.048896
0.021678,3.6442e-05,1,0,99.927,0,0,-1,1,0.20736,0.125,0.075,0.04864
0.021678,3.6442e-05,1,0,99.927,0,0,-1,1,0.20762,0.125,0.075,0.048384
0.021678,3.6442e-05,1,0,99.928,0,0,-1,1,0.20787,0.125,0.075,0.048128
0.021678,3.6442e-05,1,0,99.929,0,0,-1,1,0.20813,0.125,0.075,0.047872
0.021678,3.6442e-05,1,0,99.929,0,0,-1,1,0.20838,0.125,0.075,0.047616
0.021678,3.6442e-05,1,0,99.93,0,0,-1,1,0.20864,0.125,0.075,0.04736
0.021678,3.6442e-05,1,0,99.93,0,0,-1,1,0.2089,0.125,0.075,0.047104
0.021678,3.6442e-05,1,0,99.931,0,0,-1,1,0.20915,0.125,0.075,0.046848
0.021678,3.6442e-05,1,0,99.932,0,0,-1,1,0.20941,0.125,0.075,0.046592
0.021678,3.6442e-05,1,0,99.932,0,0,-1,1,0.20966,0.125,0.075,0.046336
0.021678,3.6442e-05,1,0,99.933,0,0,-1,1,0.20992,0.125,0.075,0.04608
0.021678,3.6442e-05,1,0,99.933,0,0,-1,1,0.21018,0.125,0.075,0.045824
0.021678,3.6442e-05,1,0,99.934,0,0,-1,1,0.21043,0.125,0.075,0.045568
0.021678,3.6442e-05,1,0,99.934,0,0,-1,1,0.21069,0.125,0.075,0.045312
0.021678,3.6442e-05,1,0,99.935,0,0,-1,1,0.21094,0.125,0.075,0.045056
0.021678,3.6442e-05,1,0,99.936,0,0,-1,1,0.2112,0.125,0.075,0.0448
0.021678,3.6442e-05,1,0,99.936,0,0,-1,1,0.21146,0.125,0.075,0.044544
0.021678,3.6442e-05,1,0,99.937,0,0,-1,1,0.21171,0.125,0.075,0.044288
0.021678,3.6442e-05,1,0,99.937,0,0,-1,1,0.21197,0.125,0.075,0.044032
0.021678,3.6442e-05,1,0,99.938,0,0,-1,1,0.21222,0.125,0.075,0.043776
0.021678,3.6442e-05,1,0,99.938,0,0,-1,1,0.21248,0.125,0.075,0.04352
0.021678,3.6442e-05,1,0,99.939,0,0,-1,1,0.21274,0.125,0.075,0.043264
0.021678,3.6442e-05,1,0,99.94,0,0,-1,1,0.21299,0.125,0.075,0.043008
0.021678,3.6442e-05,1,1.6446e-16,99.94,1.2582e-15,0,-1,1,0.21325,0.125,0.075,0.042752
0.021678,3.6442e-05,1,0,99.941,0,0,-1,1,0.2135,0.125,0.075,0.042496
0.021678,3.6442e-05,1,0,99.941,0,0,-1,1,0.21376,0.125,0.075,0.04224
0.021678,3.6442e-05,1,0,99.942,0,0,-1,1,0.21402,0.125,0.075,0.041984
0.021678,3.6442e-05,1,0,99.943,0,0,-1,1,0.21427,0.125,0.075,0.041728
0.021678,3.6442e-05,1,0,99.943,0,0,-1,1,0.21453,0.125,0.075,0.041472
0.021678,3.6442e-05,1,0,99.944,0,0,-1,1,0.21478,0.125,0.075,0.041216
0.021678,3.6442e-05,1,0,99.944,0,0,-1,1,0.21504,0.125,0.075,0.04096
0.021678,3.6442e-05,1,0,99.945,0,0,-1,1,0.2153,0.125,0.075,0.040704
0.021678,3.6442e-05,1,0,99.945,0,0,-1,1,0.21555,0.125,0.075,0.040448
0.021678,3.6442e-05,1,0,99.945,0,0,-1,1,0.21581,0.125,0.075,0.040192
0.021678,3.6442e-05,1,0,99.946,0,0,-1,1,0.21606,0.125,0.075,0.039936
0.021678,3.6442e-05,1,0,99.946,0,0,-1,1,0.21632,0.125,0.075,0.03968
0.021678,3.6442e-05,1,0,99.947,0,0,-1,1,0.21658,0.125,0.075,0.039424
0.021678,3.6442e-05,1,0,99.947,0,0,-1,1,0.21683,0.125,0.075,0.039168
0.021678,3.6442e-05,1,0,99.947,0,0,-1,1,0.21709,0.125,0.075,0.038912
0.021678,3.6442e-05,1,0,99.948,0,0,-1,1,0.21734,0.125,0.075,0.038656
0.021678,3.6442e-05,1,0,99.948,0,0,-1,1,0.2176,0.125,0.075,0.0384
0.021678,3.6442e-05,1,0,99.949,0,0,-1,1,0.21786,0.125,0.075,0.038144
0.021678,3.6442e-05,1,0,99.949,0,0,-1,1,0.21811,0.125,0.075,0.037888
0.021678,3.6442e-05,1,0,99.949,0,0,-1,1,0.21837,0.125,0.075,0.037632
0.021678,3.6442e-05,1,0,99.95,0,0,-1,1,0.21862,0.125,0.075,0.037376
0.021678,3.6442e-05,1,0,99.95,0,0,-1,1,0.21888,0.125,0.075,0.03712
0.021678,3.6442e-05,1,0,99.951,0,0,-1,1,0.21914,0.125,0.075,0.036864
0.021678,3.6442e-05,1,0,99.951,0,0,-1,1,0.21939,0.125,0.075,0.036608
0.021678,3.6442e-05,1,0,99.951,0,0,-1,1,0.21965,0.125,0.075,0.036352
0.021678,3.6442e-05,1,0,99.952,0,0,-1,1,0.2199,0.125,0.075,0.036096
0.021678,3.6442e-05,1,0,99.952,0,0,-1,1,0.22016,0.125,0.075,0.03584
0.021678,3.6442e-05,1,0,99.953,0,0,-1,1,0.22042,0.125,0.075,0.035584
0.021678,3.6442e-05,1,0,99.953,0,0,-1,1,0.22067,0.125,0.075,0.035328
0.021678,3.6442e-05,1,0,99.953,0,0,-1,1,0.22093,0.125,0.075,0.035072
0.021678,3.6442e-05,1,0,99.954,0,0,-1,1,0.22118,0.125,0.075,0.034816
0.021678,3.6442e-05,1,0,99.954,0,0,-1,1,0.22144,0.125,0.075,0.03456
0.021678,3.6442e-05,1,0,99.955,0,0,-1,1,0.2217,0.125,0.075,0.034304
0.021678,3.6442e-05,1,0,99.955,0,0,-1,1,0.22195,0.125,0.075,0.034048
0.021678,3.6442e-05,1,0,99.955,0,0,-1,1,0.22221,0.125,0.075,0.033792
0.021678,3.6442e-05,1,0,99.956,0,0,-1,1,0.22246,0.125,0.075,0.033536
0.021678,3.6442e-05,1,0,99.956,0,0,-1,1,0.22272,0.125,0.075,0.03328
0.021678,3.6442e-05,1,0,99.957,0,0,-1,1,0.22298,0.125,0.075,0.033024
0.021678,3.6442e-05,1,3.2893e-16,99.957,2.5165e-15,0,-1,1,0.22323,0.125,0.075,0.032768
0.021678,3.6442e-05,1,-1.5788e-16,99.957,-1.2079e-15,0,-1,1,0.22349,0.125,0.075,0.032512
0.021678,3.6442e-05,1,0,99.958,0,0,-1,1,0.22374,0.125,0.075,0.032256
0.021678,3.6442e-05,1,0,99.958,0,0,-1,1,0.224,0.125,0.075,0.032
0.021678,3.6442e-05,1,0,99.958,0,0,-1,1,0.22426,0.125,0.075,0.031744
0.021678,3.6442e-05,1,0,99.959,0,0,-1,1,0.22451,0.125,0.075,0.031488
0.021678,3.6442e-05,1,0,99.959,0,0,-1,1,0.22477,0.125,0.075,0.031232
0.021678,3.6442e-05,1,0,99.96,0,0,-1,1,0.22502,0.125,0.075,0.030976
0.021678,3.6442e-05,1,0,99.96,0,0,-1,1,0.22528,0.125,0.075,0.03072
0.021678,3.6442e-05,1,0,99.96,0,0,-1,1,0.22554,0.125,0.075,0.030464
0.021678,3.6442e-05,1,0,99.961,0,0,-1,1,0.22579,0.125,0.075,0.030208
0.021678,3.6442e-05,1,0,99.961,0,0,-1,1,0.22605,0.125,0.075,0.029952
0.021678,3.6442e-05,1,0,99.961,0,0,-1,1,0.2263,0.125,0.075,0.029696
0.021678,3.6442e-05,1,0,99.961,0,0,-1,1,0.22656,0.125,0.075,0.02944
0.021678,3.6442e-05,1,0,99.962,0,0,-1,1,0.22682,0.125,0.075,0.029184
0.021678,3.6442e-05,1,0,99.962,0,0,-1,1,0.22707,0.125,0.075,0.028928
0.021678,3.6442e-05,1,0,99.962,0,0,-1,1,0.22733,0.125,0.075,0.028672
0.021678,3.6442e-05,1,0,99.962,0,0,-1,1,0.22758,0.125,0.075,0.028416
0.021678,3.6442e-05,1,0,99.963,0,0,-1,1,0.22784,0.125,0.075,0.02816
0.021678,3.6442e-05,1,0,99.963,0,0,-1,1,0.2281,0.125,0.075,0.027904
0.021678,3.6442e-05,1,0,99.963,0,0,-1,1,0.22835,0.125,0.075,0.027648
0.021678,3.6442e-05,1,0,99.963,0,0,-1,1,0.22861,0.125,0.075,0.027392
0.021678,3.6442e-05,1,0,99.964,0,0,-1,1,0.22886,0.125,0.075,0.027136
0.021678,3.6442e-05,1,0,99.964,0,0,-1,1,0.22912,0.125,0.075,0.02688
0.021678,3.6442e-05,1,0,99.964,0,0,-1,1,0.22938,0.125,0.075,0.026624
0.021678,3.6442e-05,1,0,99.964,0,0,-1,1,0.22963,0.125,0.075,0.026368
0.021678,3.6442e-05,1,0,99.965,0,0,-1,1,0.22989,0.125,0.075,0.026112
0.021678,3.6442e-05,1,0,99.965,0,0,-1,1,0.23014,0.125,0.075,0.025856
0.021678,3.6442e-05,1,0,99.965,0,0,-1,1,0.2304,0.125,0.075,0.0256
0.021678,3.6442e-05,1,0,99.965,0,0,-1,1,0.23066,0.125,0.075,0.025344
0.021678,3.6442e-05,1,0,99.966,0,0,-1,1,0.23091,0.125,0.075,0.025088
0.021678,3.6442e-05,1,0,99.966,0,0,-1,1,0.23117,0.125,0.075,0.024832
0.021678,3.6442e-05,1,0,99.966,0,0,-1,1,0.23142,0.125,0.075,0.024576
0.021678,3.6442e-05,1,0,99.966,0,0,-1,1,0.23168,0.125,0.075,0.02432
0.021678,3.6442e-05,1,0,99.967,0,0,-1,1,0.23194,0.125,0.075,0.024064
0.021678,3.6442e-05,1,0,99.967,0,0,-1,1,0.23219,0.125,0.075,0.023808
0.021678,3.6442e-05,1,0,99.967,0,0,-1,1,0.23245,0.125,0.075,0.023552
0.021678,3.6442e-05,1,0,99.968,0,0,-1,1,0.2327,0.125,0.075,0.023296
0.021678,3.6442e-05,1,0,99.968,0,0,-1,1,0.23296,0.125,0.075,0.02304
0.021678,3.6442e-05,1,1.6446e-16,99.968,1.2582e-15,0,-1,1,0.23322,0.125,0.075,0.022784
0.021678,3.6442e-05,1,-3.2893e-16,99.968,-2.5165e-15,0,-1,1,0.23347,0.125,0.075,0.022528
0.021678,3.6442e-05,1,1.6446e-16,99.969,1.2582e-15,0,-1,1,0.23373,0.125,0.075,0.022272
0.021678,3.6442e-05,1,0,99.969,0,0,-1,1,0.23398,0.125,0.075,0.022016
0.021678,3.6442e-05,1,0,99.969,0,0,-1,1,0.23424,0.125,0.075,0.02176
0.021678,3.6442e-05,1,0,99.969,0,0,-1,1,0.2345,0.125,0.075,0.021504
0.021678,3.6442e-05,1,0,99.97,0,0,-1,1,0.23475,0.125,0.075,0.021248
0.021678,3.6442e-05,1,0,99.97,0,0,-1,1,0.23501,0.125,0.075,0.020992
0.021678,3.6442e-05,1,0,99.97,0,0,-1,1,0.23526,0.125,0.075,0.020736
0.021678,3.6442e-05,1,0,99.97,0,0,-1,1,0.23552,0.125,0.075,0.02048
0.021678,3.6442e-05,1,0,99.97,0,0,-1,1,0.23578,0.125,0.075,0.020224
0.021678,3.6442e-05,1,0,99.971,0,0,-1,1,0.23603,0.125,0.075,0.019968
0.021678,3.6442e-05,1,0,99.971,0,0,-1,1,0.23629,0.125,0.075,0.019712
0.021678,3.6442e-05,1,0,99.971,0,0,-1,1,0.23654,0.125,0.075,0.019456
0.021678,3.6442e-05,1,0,99.971,0,0,-1,1,0.2368,0.125,0.075,0.0192
0.021678,3.6442e-05,1,0,99.971,0,0,-1,1,0.23706,0.125,0.075,0.018944
0.021678,3.6442e-05,1,0,99.971,0,0,-1,1,0.23731,0.125,0.075,0.018688
0.021678,3.6442e-05,1,0,99.972,0,0,-1,1,0.23757,0.125,0.075,0.018432
0.021678,3.6442e-05,1,0,99.972,0,0,-1,1,0.23782,0.125,0.075,0.018176
0.021678,3.6442e-05,1,0,99.972,0,0,-1,1,0.23808,0.125,0.075,0.01792
0.021678,3.6442e-05,1,0,99.972,0,0,-1,1,0.23834,0.125,0.075,0.017664
0.021678,3.6442e-05,1,0,99.972,0,0,-1,1,0.23859,0.125,0.075,0.017408
0.021678,3.6442e-05,1,0,99.972,0,0,-1,1,0.23885,0.125,0.075,0.017152
0.021678,3.6442e-05,1,0,99.972,0,0,-1,1,0.2391,0.125,0.075,0.016896
0.021678,3.6442e-05,1,0,99.973,0,0,-1,1,0.23936,0.125,0.075,0.01664
0.021678,3.6442e-05,1,0,99.973,0,0,-1,1,0.23962,0.125,0.075,0.016384
0.021678,3.6442e-05,1,0,99.973,0,0,-1,1,0.23987,0.125,0.075,0.016128
0.021678,3.6442e-05,1,0,99.973,0,0,-1,1,0.24013,0.125,0.075,0.015872
0.021678,3.6442e-05,1,0,99.973,0,0,-1,1,0.24038,0.125,0.075,0.015616
0.021678,3.6442e-05,1,0,99.973,0,0,-1,1,0.24064,0.125,0.075,0.01536
0.021678,3.6442e-05,1,0,99.973,0,0,-1,1,0.2409,0.125,0.075,0.015104
0.021678,3.6442e-05,1,0,99.974,0,0,-1,1,0.24115,0.125,0.075,0.014848
0.021678,3.6442e-05,1,0,99.974,0,0,-1,1,0.24141,0.125,0.075,0.014592
0.021678,3.6442e-05,1,0,99.974,0,0,-1,1,0.24166,0.125,0.075,0.014336
0.021678,3.6442e-05,1,0,99.974,0,0,-1,1,0.24192,0.125,0.075,0.01408
0.021678,3.6442e-05,1,0,99.974,0,0,-1,1,0.24218,0.125,0.075,0.013824
0.021678,3.6442e-05,1,0,99.974,0,0,-1,1,0.24243,0.125,0.075,0.013568
0.021678,3.6442e-05,1,0,99.975,0,0,-1,1,0.24269,0.125,0.075,0.013312
0.021678,3.6442e-05,1,0,99.975,0,0,-1,1,0.24294,0.125,0.075,0.013056
0.021678,3.6442e-05,1,0,99.975,0,0,-1,1,0.2432,0.125,0.075,0.0128
0.021678,3.6442e-05,1,1.6446e-16,99.975,1.2582e-15,0,-1,1,0.24346,0.125,0.075,0.012544
0.021678,3.6442e-05,1,-3.2893e-16,99.975,-2.5165e-15,0,-1,1,0.24371,0.125,0.075,0.012288
0.021678,3.6442e-05,1,0,99.975,0,0,-1,1,0.24397,0.125,0.075,0.012032
0.021678,3.6442e-05,1,0,99.975,0,0,-1,1,0.24422,0.125,0.075,0.011776
0.021678,3.6442e-05,1,0,99.976,0,0,-1,1,0.24448,0.125,0.075,0.01152
0.021678,3.6442e-05,1,0,99.976,0,0,-1,1,0.24474,0.125,0.075,0.011264
0.021678,3.6442e-05,1,0,99.976,0,0,-1,1,0.24499,0.125,0.075,0.011008
0.021678,3.6442e-05,1,0,99.976,0,0,-1,1,0.24525,0.125,0.075,0.010752
0.021678,3.6442e-05,1,0,99.976,0,0,-1,1,0.2455,0.125,0.075,0.010496
0.021678,3.6442e-05,1,0,99.976,0,0,-1,1,0.24576,0.125,0.075,0.01024
0.021678,3.6442e-05,1,0,99.976,0,0,-1,1,0.24602,0.125,0.075,0.009984
0.021678,3.6442e-05,1,0,99.976,0,0,-1,1,0.24627,0.125,0.075,0.009728
0.021678,3.6442e-05,1,0,99.976,0,0,-1,1,0.24653,0.125,0.075,0.009472
0.021678,3.6442e-05,1,0,99.977,0,0,-1,1,0.24678,0.125,0.075,0.009216
0.021678,3.6442e-05,1,0,99.977,0,0,-1,1,0.24704,0.125,0.075,0.00896
0.021678,3.6442e-05,1,0,99.977,0,0,-1,1,0.2473,0.125,0.075,0.008704
0.021678,3.6442e-05,1,0,99.977,0,0,-1,1,0.24755,0.125,0.075,0.008448
0.021678,3.6442e-05,1,0,99.977,0,0,-1,1,0.24781,0.125,0.075,0.008192
0.021678,3.6442e-05,1,0,99.977,0,0,-1,1,0.24806,0.125,0.075,0.007936
0.021678,3.6442e-05,1,0,99.977,0,0,-1,1,0.24832,0.125,0.075,0.00768
0.021678,3.6442e-05,1,0,99.977,0,0,-1,1,0.24858,0.125,0.075,0.007424
0.021678,3.6442e-05,1,0,99.977,0,0,-1,1,0.24883,0.125,0.075,0.007168
0.021678,3.6442e-05,1,0,99.977,0,0,-1,1,0.24909,0.125,0.075,0.006912
0.021678,3.6442e-05,1,0,99.977,0,0,-1,1,0.24934,0.125,0.075,0.006656
0.021678,3.6442e-05,1,0,99.977,0,0,-1,1,0.2496,0.125,0.075,0.0064
0.021678,3.6442e-05,1,0,99.977,0,0,-1,1,0.24986,0.125,0.075,0.006144
0.021678,3.6442e-05,1,0,99.977,0,0,-1,1,0.25011,0.125,0.075,0.005888
0.021678,3.6442e-05,1,0,99.977,0,0,-1,1,0.25037,0.125,0.075,0.005632
0.021678,3.6442e-05,1,0,99.977,0,0,-1,1,0.25062,0.125,0.075,0.005376
0.021678,3.6442e-05,1,0,99.977,0,0,-1,1,0.25088,0.125,0.075,0.00512
0.021678,3.6442e-05,1,1.6446e-16,99.977,1.2582e-15,0,-1,1,0.25114,0.125,0.075,0.004864
0.021678,3.6442e-05,1,0,99.977,0,0,-1,1,0.25139,0.125,0.075,0.004608
0.021678,3.6442e-05,1,0,99.977,0,0,-1,1,0.25165,0.125,0.075,0.004352
0.021678,3.6442e-05,1,0,99.978,0,0,-1,1,0.2519,0.125,0.075,0.004096
0.021678,3.6442e-05,1,0,99.978,0,0,-1,1,0.25216,0.125,0.075,0.00384
0.021678,3.6442e-05,1,0,99.978,0,0,-1,1,0.25242,0.125,0.075,0.003584
0.021678,3.6442e-05,1,0,99.978,0,0,-1,1,0.25267,0.125,0.075,0.003328
0.021678,3.6442e-05,1,0,99.978,0,0,-1,1,0.25293,0.125,0.075,0.003072
0.021678,3.6442e-05,1,0,99.978,0,0,-1,1,0.25318,0.125,0.075,0.002816
0.021678,3.6442e-05,1,0,99.978,0,0,-1,1,0.25344,0.125,0.075,0.00256
0.021678,3.6442e-05,1,0,99.978,0,0,-1,1,0.2537,0.125,0.075,0.002304
0.021678,3.6442e-05,1,0,99.978,0,0,-1,1,0.25395,0.125,0.075,0.002048
0.021678,3.6442e-05,1,0,99.978,0,0,-1,1,0.25421,0.125,0.075,0.001792
0.021678,3.6442e-05,1,-3.2893e-16,99.978,-2.5165e-15,0,-1,1,0.25446,0.125,0.075,0.001536
0.021678,3.6442e-05,1,0,99.978,0,0,-1,1,0.25472,0.125,0.075,0.00128
0.021678,3.6442e-05,1,0,99.978,0,0,-1,1,0.25498,0.125,0.075,0.001024
0.021678,3.6442e-05,1,0,99.978,0,0,-1,1,0.25523,0.125,0.075,0.000768
0.021678,3.6442e-05,1,1.6446e-16,99.978,1.2582e-15,0,-1,1,0.25549,0.125,0.075,0.000512
0.021678,3.6442e-05,1,0,99.978,0,0,-1,1,0.25574,0.125,0.075,0.000256
0.021678,3.6442e-05,1,0,99.978,0,0,-1,1,0.256,0.125,0.075,0
