"Temperature","Kappa_Tau:0","Kappa_Tau:1","Rho 1","Rho 2","Velocity:0","Velocity:1","Velocity:2","vtkValidPointMask","arc_length","Points:0","Points:1","Points:2"
-3.6547e-06,0.02,0.001047,1,0,0.091818,0,-0.90818,1,0,0.075,0.025,0.256
-0.1579,0.02,0.001047,1,0,0.091818,0,-0.90818,1,0.000256,0.075,0.025,0.25574
-0.31579,0.02,0.001047,1,0,0.091818,0,-0.90818,1,0.000512,0.075,0.025,0.25549
-0.47368,0.02,0.001047,1,0,0.091818,0,-0.90818,1,0.00076801,0.075,0.025,0.25523
-0.63158,0.02,0.001047,1,0,0.091818,0,-0.90818,1,0.001024,0.075,0.025,0.25498
-0.78947,0.02,0.001047,1,0,0.091818,0,-0.90818,1,0.00128,0.075,0.025,0.25472
-0.94736,0.02,0.001047,1,0,0.091818,0,-0.90818,1,0.001536,0.075,0.025,0.25446
-1.1053,0.02,0.001047,1,0,0.091818,0,-0.90818,1,0.001792,0.075,0.025,0.25421
-1.2631,0.02,0.001047,1,0,0.091818,0,-0.90818,1,0.002048,0.075,0.025,0.25395
-1.421,0.02,0.001047,1,0,0.091818,0,-0.90818,1,0.002304,0.075,0.025,0.2537
-1.5789,0.02,0.001047,1,0,0.091818,0,-0.90818,1,0.00256,0.075,0.025,0.25344
-1.7368,0.02,0.001047,1,0,0.091818,0,-0.90818,1,0.002816,0.075,0.025,0.25318
-1.8947,0.02,0.001047,1,0,0.091818,0,-0.90818,1,0.003072,0.075,0.025,0.25293
-2.0526,0.02,0.001047,1,0,0.091818,0,-0.90818,1,0.003328,0.075,0.025,0.25267
-2.2105,0.02,0.001047,1,0,0.091818,0,-0.90818,1,0.003584,0.075,0.025,0.25242
-2.3684,0.02,0.001047,1,0,0.091818,0,-0.90818,1,0.00384,0.075,0.025,0.25216
-2.5263,0.02,0.001047,1,0,0.091818,0,-0.90818,1,0.004096,0.075,0.025,0.2519
-2.6842,0.02,0.001047,1,0,0.091818,0,-0.90818,1,0.004352,0.075,0.025,0.25165
-2.8421,0.02,0.001047,1,0,0.091818,0,-0.90818,1,0.004608,0.075,0.025,0.25139
-3,0.02,0.001047,1,0,0.091818,0,-0.90818,1,0.004864,0.075,0.025,0.25114
-3.1579,0.02,0.001047,1,0,0.091818,0,-0.90818,1,0.00512,0.075,0.025,0.25088
-3.3157,0.02,0.001047,1,0,0.091818,0,-0.90818,1,0.005376,0.075,0.025,0.25062
-3.4736,0.02,0.001047,1,0,0.091818,0,-0.90818,1,0.005632,0.075,0.025,0.25037
-3.6315,0.02,0.001047,1,0,0.091818,0,-0.90818,1,0.005888,0.075,0.025,0.25011
-3.7894,0.02,0.001047,1,0,0.091818,0,-0.90818,1,0.006144,0.075,0.025,0.24986
-3.9473,0.02,0.001047,1,0,0.091818,0,-0.90818,1,0.0064,0.075,0.025,0.2496
-4.1052,0.02,0.001047,1,0,0.091818,0,-0.90818,1,0.006656,0.075,0.025,0.24934
-4.2631,0.02,0.001047,1,0,0.091818,0,-0.90818,1,0.006912,0.075,0.025,0.24909
-4.421,0.02,0.001047,1,0,0.091818,0,-0.90818,1,0.007168,0.075,0.025,0.24883
-4.5789,0.02,0.001047,1,0,0.091818,0,-0.90818,1,0.007424,0.075,0.025,0.24858
-4.7368,0.02,0.001047,1,0,0.091818,0,-0.90818,1,0.00768,0.075,0.025,0.24832
-4.8947,0.02,0.001047,1,0,0.091818,0,-0.90818,1,0.007936,0.075,0.025,0.24806
-5.0526,0.02,0.001047,1,0,0.091818,0,-0.90818,1,0.008192,0.075,0.025,0.24781
-5.2105,0.02,0.001047,1,0,0.091818,0,-0.90818,1,0.008448,0.075,0.025,0.24755
-5.3683,0.02,0.001047,1,0,0.091818,0,-0.90818,1,0.008704,0.075,0.025,0.2473
-5.5262,0.02,0.001047,1,0,0.091818,0,-0.90818,1,0.00896,0.075,0.025,0.24704
-5.6841,0.02,0.001047,1,0,0.091818,0,-0.90818,1,0.009216,0.075,0.025,0.24678
-5.842,0.02,0.001047,1,0,0.091818,0,-0.90818,1,0.009472,0.075,0.025,0.24653
-5.9999,0.02,0.001047,1,0,0.091818,0,-0.90818,1,0.009728,0.075,0.025,0.24627
-6.1578,0.02,0.001047,1,0,0.091818,0,-0.90818,1,0.009984,0.075,0.025,0.24602
-6.3157,0.02,0.001047,1,0,0.091818,0,-0.90818,1,0.01024,0.075,0.025,0.24576
-6.0987,0.02,0.001047,1,0,0.091818,0,-0.90818,1,0.010496,0.075,0.025,0.2455
-5.8817,0.02,0.001047,1,0,0.091818,0,-0.90818,1,0.010752,0.075,0.025,0.24525
-5.6648,0.02,0.001047,1,0,0.091818,0,-0.90818,1,0.011008,0.075,0.025,0.24499
-5.4478,0.02,0.001047,1,0,0.091818,0,-0.90818,1,0.011264,0.075,0.025,0.24474
-5.2308,0.02,0.001047,1,0,0.091818,0,-0.90818,1,0.01152,0.075,0.025,0.24448
-5.0138,0.02,0.001047,1,0,0.091818,0,-0.90818,1,0.011776,0.075,0.025,0.24422
-4.7968,0.02,0.001047,1,0,0.091818,0,-0.90818,1,0.012032,0.075,0.025,0.24397
-4.5798,0.02,0.001047,1,0,0.091818,0,-0.90818,1,0.012288,0.075,0.025,0.24371
-4.3628,0.02,0.001047,1,0,0.091818,0,-0.90818,1,0.012544,0.075,0.025,0.24346
-4.1458,0.02,0.001047,1,0,0.091818,0,-0.90818,1,0.0128,0.075,0.025,0.2432
-3.9288,0.02,0.001047,1,0,0.091818,0,-0.90818,1,0.013056,0.075,0.025,0.24294
-3.7118,0.02,0.001047,1,0,0.091818,0,-0.90818,1,0.013312,0.075,0.025,0.24269
-3.4948,0.02,0.001047,1,0,0.091818,0,-0.90818,1,0.013568,0.075,0.025,0.24243
-3.2778,0.02,0.001047,1,0,0.091818,0,-0.90818,1,0.013824,0.075,0.025,0.24218
-3.0609,0.02,0.001047,1,0,0.091818,0,-0.90818,1,0.01408,0.075,0.025,0.24192
-2.8439,0.02,0.001047,1,0,0.091818,0,-0.90818,1,0.014336,0.075,0.025,0.24166
-2.6269,0.02,0.001047,1,0,0.091818,0,-0.90818,1,0.014592,0.075,0.025,0.24141
-2.4099,0.02,0.001047,1,0,0.091818,0,-0.90818,1,0.014848,0.075,0.025,0.24115
-2.1929,0.02,0.001047,1,0,0.091818,0,-0.90818,1,0.015104,0.075,0.025,0.2409
-1.9759,0.02,0.001047,1,0,0.091818,0,-0.90818,1,0.01536,0.075,0.025,0.24064
-1.7589,0.02,0.001047,1,0,0.091818,0,-0.90818,1,0.015616,0.075,0.025,0.24038
-1.5419,0.02,0.001047,1,0,0.091818,0,-0.90818,1,0.015872,0.075,0.025,0.24013
-1.3249,0.02,0.001047,1,0,0.091818,0,-0.90818,1,0.016128,0.075,0.025,0.23987
-1.1079,0.02,0.001047,1,0,0.091818,0,-0.90818,1,0.016384,0.075,0.025,0.23962
-0.89094,0.02,0.001047,1,0,0.091818,0,-0.90818,1,0.01664,0.075,0.025,0.23936
-0.67396,0.02,0.001047,1,0,0.091818,0,-0.90818,1,0.016896,0.075,0.025,0.2391
-0.45696,0.02,0.001047,1,0,0.091818,0,-0.90818,1,0.017152,0.075,0.025,0.23885
-0.23997,0.02,0.001047,1,0,0.091818,0,-0.90818,1,0.017408,0.075,0.025,0.23859
-0.022978,0.02,0.001047,1,0,0.091818,0,-0.90818,1,0.017664,0.075,0.025,0.23834
0.19401,0.02,0.001047,1,0,0.091818,0,-0.90818,1,0.01792,0.075,0.025,0.23808
0.41101,0.02,0.001047,1,0,0.091818,0,-0.90818,1,0.018176,0.075,0.025,0.23782
0.628,0.02,0.001047,1,0,0.091818,0,-0.90818,1,0.018432,0.075,0.025,0.23757
0.84499,0.02,0.001047,1,0,0.091818,0,-0.90818,1,0.018688,0.075,0.025,0.23731
1.062,0.02,0.001047,1,0,0.091818,0,-0.90818,1,0.018944,0.075,0.025,0.23706
1.279,0.02,0.001047,1,0,0.091818,0,-0.90818,1,0.0192,0.075,0.025,0.2368
1.496,0.02,0.001047,1,0,0.091818,0,-0.90818,1,0.019456,0.075,0.025,0.23654
1.713,0.02,0.001047,1,0,0.091818,0,-0.90818,1,0.019712,0.075,0.025,0.23629
1.9299,0.02,0.001047,1,0,0.091818,0,-0.90818,1,0.019968,0.075,0.025,0.23603
2.1469,0.02,0.001047,1,0,0.091818,0,-0.90818,1,0.020224,0.075,0.025,0.23578
2.3639,0.02,0.001047,1,0,0.091818,0,-0.90818,1,0.02048,0.075,0.025,0.23552
2.6875,0.02,0.001047,1,0,0.091818,0,-0.90818,1,0.020736,0.075,0.025,0.23526
3.0111,0.02,0.001047,1,0,0.091818,0,-0.90818,1,0.020992,0.075,0.025,0.23501
3.3347,0.02,0.001047,1,0,0.091818,0,-0.90818,1,0.021248,0.075,0.025,0.23475
3.6583,0.02,0.001047,1,0,0.091818,0,-0.90818,1,0.021504,0.075,0.025,0.2345
3.982,0.02,0.001047,1,0,0.091818,0,-0.90818,1,0.02176,0.075,0.025,0.23424
4.3056,0.02,0.001047,1,0,0.091818,0,-0.90818,1,0.022016,0.075,0.025,0.23398
4.6292,0.02,0.001047,1,0,0.091818,0,-0.90818,1,0.022272,0.075,0.025,0.23373
4.9528,0.02,0.001047,1,0,0.091818,0,-0.90818,1,0.022528,0.075,0.025,0.23347
5.2764,0.02,0.001047,1,0,0.091818,0,-0.90818,1,0.022784,0.075,0.025,0.23322
5.6,0.02,0.001047,1,0,0.091818,0,-0.90818,1,0.02304,0.075,0.025,0.23296
5.9236,0.02,0.001047,1,0,0.091818,0,-0.90818,1,0.023296,0.075,0.025,0.2327
6.2472,0.02,0.001047,1,0,0.091818,0,-0.90818,1,0.023552,0.075,0.025,0.23245
6.5708,0.02,0.001047,1,0,0.091818,0,-0.90818,1,0.023808,0.075,0.025,0.23219
6.8944,0.02,0.001047,1,0,0.091818,0,-0.90818,1,0.024064,0.075,0.025,0.23194
7.218,0.02,0.001047,1,0,0.091818,0,-0.90818,1,0.02432,0.075,0.025,0.23168
7.5416,0.02,0.001047,1,0,0.091818,0,-0.90818,1,0.024576,0.075,0.025,0.23142
7.8652,0.02,0.001047,1,0,0.091818,0,-0.90818,1,0.024832,0.075,0.025,0.23117
8.1888,0.02,0.001047,1,0,0.091818,0,-0.90818,1,0.025088,0.075,0.025,0.23091
8.5124,0.02,0.001047,1,0,0.091818,0,-0.90818,1,0.025344,0.075,0.025,0.23066
8.836,0.02,0.001047,1,0,0.091818,0,-0.90818,1,0.0256,0.075,0.025,0.2304
9.1596,0.02,0.001047,1,0,0.091818,0,-0.90818,1,0.025856,0.075,0.025,0.23014
9.4833,0.02,0.001047,1,0,0.091818,0,-0.90818,1,0.026112,0.075,0.025,0.22989
9.8069,0.02,0.001047,1,0,0.091818,0,-0.90818,1,0.026368,0.075,0.025,0.22963
10.13,0.02,0.001047,1,0,0.091818,0,-0.90818,1,0.026624,0.075,0.025,0.22938
10.454,0.02,0.001047,1,0,0.091818,0,-0.90818,1,0.02688,0.075,0.025,0.22912
10.778,0.02,0.001047,1,0,0.091818,0,-0.90818,1,0.027136,0.075,0.025,0.22886
11.101,0.02,0.001047,1,0,0.091818,0,-0.90818,1,0.027392,0.075,0.025,0.22861
11.425,0.02,0.001047,1,0,0.091818,0,-0.90818,1,0.027648,0.075,0.025,0.22835
11.748,0.02,0.001047,1,0,0.091818,0,-0.90818,1,0.027904,0.075,0.025,0.2281
12.072,0.02,0.001047,1,0,0.091818,0,-0.90818,1,0.02816,0.075,0.025,0.22784
12.396,0.02,0.001047,1,0,0.091818,0,-0.90818,1,0.028416,0.075,0.025,0.22758
12.719,0.02,0.001047,1,0,0.091818,0,-0.90818,1,0.028672,0.075,0.025,0.22733
13.043,0.02,0.001047,1,0,0.091818,0,-0.90818,1,0.028928,0.075,0.025,0.22707
13.367,0.02,0.001047,1,0,0.091818,0,-0.90818,1,0.029184,0.075,0.025,0.22682
13.69,0.02,0.001047,1,0,0.091818,0,-0.90818,1,0.02944,0.075,0.025,0.22656
14.014,0.02,0.001047,1,0,0.091818,0,-0.90818,1,0.029696,0.075,0.025,0.2263
14.337,0.02,0.001047,1,0,0.091818,0,-0.90818,1,0.029952,0.075,0.025,0.22605
14.661,0.02,0.001047,1,0,0.091818,0,-0.90818,1,0.030208,0.075,0.025,0.22579
14.985,0.02,0.001047,1,0,0.091818,0,-0.90818,1,0.030464,0.075,0.025,0.22554
15.308,0.02,0.001047,1,0,0.091818,0,-0.90818,1,0.03072,0.075,0.025,0.22528
15.64,0.02,0.001047,1,0,0.091818,0,-0.90818,1,0.030976,0.075,0.025,0.22502
15.972,0.02,0.001047,1,0,0.091818,0,-0.90818,1,0.031232,0.075,0.025,0.22477
16.304,0.02,0.001047,1,0,0.091818,0,-0.90818,1,0.031488,0.075,0.025,0.22451
16.636,0.02,0.001047,1,0,0.091818,0,-0.90818,1,0.031744,0.075,0.025,0.22426
16.968,0.02,0.001047,1,0,0.091818,0,-0.90818,1,0.032,0.075,0.025,0.224
17.3,0.02,0.001047,1,0,0.091818,0,-0.90818,1,0.032256,0.075,0.025,0.22374
17.632,0.02,0.001047,1,0,0.091818,0,-0.90818,1,0.032512,0.075,0.025,0.22349
17.964,0.02,0.001047,1,0,0.091818,0,-0.90818,1,0.032768,0.075,0.025,0.22323
18.296,0.02,0.001047,1,0,0.091818,0,-0.90818,1,0.033024,0.075,0.025,0.22298
18.628,0.02,0.001047,1,0,0.091818,0,-0.90818,1,0.03328,0.075,0.025,0.22272
18.96,0.02,0.001047,1,0,0.091818,0,-0.90818,1,0.033536,0.075,0.025,0.22246
19.292,0.02,0.001047,1,0,0.091818,0,-0.90818,1,0.033792,0.075,0.025,0.22221
19.624,0.02,0.001047,1,0,0.091818,0,-0.90818,1,0.034048,0.075,0.025,0.22195
19.956,0.02,0.001047,1,0,0.091818,0,-0.90818,1,0.034304,0.075,0.025,0.2217
20.288,0.02,0.001047,1,0,0.091818,0,-0.90818,1,0.03456,0.075,0.025,0.22144
20.62,0.02,0.001047,1,0,0.091818,0,-0.90818,1,0.034816,0.075,0.025,0.22118
20.952,0.02,0.001047,1,0,0.091818,0,-0.90818,1,0.035072,0.075,0.025,0.22093
21.284,0.02,0.001047,1,0,0.091818,0,-0.90818,1,0.035328,0.075,0.025,0.22067
21.616,0.02,0.001047,1,0,0.091818,0,-0.90818,1,0.035584,0.075,0.025,0.22042
21.948,0.02,0.001047,1,0,0.091818,0,-0.90818,1,0.03584,0.075,0.025,0.22016
22.28,0.02,0.001047,1,0,0.091818,0,-0.90818,1,0.036096,0.075,0.025,0.2199
22.612,0.02,0.001047,1,0,0.091818,0,-0.90818,1,0.036352,0.075,0.025,0.21965
22.944,0.02,0.001047,1,0,0.091818,0,-0.90818,1,0.036608,0.075,0.025,0.21939
23.276,0.02,0.001047,1,0,0.091818,0,-0.90818,1,0.036864,0.075,0.025,0.21914
23.608,0.02,0.001047,1,0,0.091818,0,-0.90818,1,0.03712,0.075,0.025,0.21888
23.94,0.02,0.001047,1,0,0.091818,0,-0.90818,1,0.037376,0.075,0.025,0.21862
24.272,0.02,0.001047,1,0,0.091818,0,-0.90818,1,0.037632,0.075,0.025,0.21837
24.604,0.02,0.001047,1,0,0.091818,0,-0.90818,1,0.037888,0.075,0.025,0.21811
24.936,0.02,0.001047,1,0,0.091818,0,-0.90818,1,0.038144,0.075,0.025,0.21786
25.268,0.02,0.001047,1,0,0.091818,0,-0.90818,1,0.0384,0.075,0.025,0.2176
25.6,0.02,0.001047,1,0,0.091818,0,-0.90818,1,0.038656,0.075,0.025,0.21734
25.932,0.02,0.001047,1,0,0.091818,0,-0.90818,1,0.038912,0.075,0.025,0.21709
26.264,0.02,0.001047,1,0,0.091818,0,-0.90818,1,0.039168,0.075,0.025,0.21683
26.596,0.02,0.001047,1,0,0.091818,0,-0.90818,1,0.039424,0.075,0.025,0.21658
26.928,0.02,0.001047,1,0,0.091818,0,-0.90818,1,0.03968,0.075,0.025,0.21632
27.26,0.02,0.001047,1,0,0.091818,0,-0.90818,1,0.039936,0.075,0.025,0.21606
27.592,0.02,0.001047,1,0,0.091818,0,-0.90818,1,0.040192,0.075,0.025,0.21581
27.924,0.02,0.001047,1,0,0.091818,0,-0.90818,1,0.040448,0.075,0.025,0.21555
28.256,0.02,0.001047,1,0,0.091818,0,-0.90818,1,0.040704,0.075,0.025,0.2153
28.588,0.02,0.001047,1,0,0.091818,0,-0.90818,1,0.04096,0.075,0.025,0.21504
28.897,0.02,0.001047,1,0,0.091818,0,-0.90818,1,0.041216,0.075,0.025,0.21478
29.206,0.02,0.001047,1,0,0.091818,0,-0.90818,1,0.041472,0.075,0.025,0.21453
29.515,0.02,0.001047,1,0,0.091818,0,-0.90818,1,0.041728,0.075,0.025,0.21427
29.824,0.02,0.001047,1,0,0.091818,0,-0.90818,1,0.041984,0.075,0.025,0.21402
30.133,0.02,0.001047,1,0,0.091818,0,-0.90818,1,0.04224,0.075,0.025,0.21376
30.443,0.02,0.001047,1,0,0.091818,0,-0.90818,1,0.042496,0.075,0.025,0.2135
30.752,0.02,0.001047,1,0,0.091818,0,-0.90818,1,0.042752,0.075,0.025,0.21325
31.061,0.02,0.001047,1,0,0.091818,0,-0.90818,1,0.043008,0.075,0.025,0.21299
31.37,0.02,0.001047,1,0,0.091818,0,-0.90818,1,0.043264,0.075,0.025,0.21274
31.679,0.02,0.001047,1,0,0.091818,0,-0.90818,1,0.04352,0.075,0.025,0.21248
31.988,0.02,0.001047,1,0,0.091818,0,-0.90818,1,0.043776,0.075,0.025,0.21222
32.297,0.02,0.001047,1,0,0.091818,0,-0.90818,1,0.044032,0.075,0.025,0.21197
32.606,0.02,0.001047,1,0,0.091818,0,-0.90818,1,0.044288,0.075,0.025,0.21171
32.915,0.02,0.001047,1,0,0.091818,0,-0.90818,1,0.044544,0.075,0.025,0.21146
33.224,0.02,0.001047,1,0,0.091818,0,-0.90818,1,0.0448,0.075,0.025,0.2112
33.534,0.02,0.001047,1,0,0.091818,0,-0.90818,1,0.045056,0.075,0.025,0.21094
33.843,0.02,0.001047,1,0,0.091818,0,-0.90818,1,0.045312,0.075,0.025,0.21069
34.152,0.02,0.001047,1,0,0.091818,0,-0.90818,1,0.045568,0.075,0.025,0.21043
34.461,0.02,0.001047,1,0,0.091818,0,-0.90818,1,0.045824,0.075,0.025,0.21018
34.77,0.02,0.001047,1,0,0.091818,0,-0.90818,1,0.04608,0.075,0.025,0.20992
35.079,0.02,0.001047,1,0,0.091818,0,-0.90818,1,0.046336,0.075,0.025,0.20966
35.388,0.02,0.001047,1,0,0.091818,0,-0.90818,1,0.046592,0.075,0.025,0.20941
35.697,0.02,0.001047,1,0,0.091818,0,-0.90818,1,0.046848,0.075,0.025,0.20915
36.006,0.02,0.001047,1,0,0.091818,0,-0.90818,1,0.047104,0.075,0.025,0.2089
36.315,0.02,0.001047,1,0,0.091818,0,-0.90818,1,0.04736,0.075,0.025,0.20864
36.624,0.02,0.001047,1,0,0.091818,0,-0.90818,1,0.047616,0.075,0.025,0.20838
36.934,0.02,0.001047,1,0,0.091818,0,-0.90818,1,0.047872,0.075,0.025,0.20813
37.243,0.02,0.001047,1,0,0.091818,0,-0.90818,1,0.048128,0.075,0.025,0.20787
37.552,0.02,0.001047,1,0,0.091818,0,-0.90818,1,0.048384,0.075,0.025,0.20762
37.861,0.02,0.001047,1,0,0.091818,0,-0.90818,1,0.04864,0.075,0.025,0.20736
38.17,0.02,0.001047,1,0,0.091818,0,-0.90818,1,0.048896,0.075,0.025,0.2071
38.479,0.02,0.001047,1,0,0.091818,0,-0.90818,1,0.049152,0.075,0.025,0.20685
38.788,0.02,0.001047,1,0,0.091818,0,-0.90818,1,0.049408,0.075,0.025,0.20659
39.097,0.02,0.001047,1,0,0.091818,0,-0.90818,1,0.049664,0.075,0.025,0.20634
39.406,0.02,0.001047,1,0,0.091818,0,-0.90818,1,0.04992,0.075,0.025,0.20608
39.715,0.02,0.001047,1,0,0.091818,0,-0.90818,1,0.050176,0.075,0.025,0.20582
40.024,0.02,0.001047,1,0,0.091818,0,-0.90818,1,0.050432,0.075,0.025,0.20557
40.334,0.02,0.001047,1,0,0.091818,0,-0.90818,1,0.050688,0.075,0.025,0.20531
40.643,0.02,0.001047,1,0,0.091818,0,-0.90818,1,0.050944,0.075,0.025,0.20506
40.952,0.02,0.001047,1,0,0.091818,0,-0.90818,1,0.0512,0.075,0.025,0.2048
41.223,0.02,0.001047,1,0,0.091818,0,-0.90818,1,0.051456,0.075,0.025,0.20454
41.493,0.02,0.001047,1,0,0.091818,0,-0.90818,1,0.051712,0.075,0.025,0.20429
41.764,0.02,0.001047,1,0,0.091818,0,-0.90818,1,0.051968,0.075,0.025,0.20403
42.035,0.02,0.001047,1,0,0.091818,0,-0.90818,1,0.052224,0.075,0.025,0.20378
42.306,0.02,0.001047,1,0,0.091818,0,-0.90818,1,0.05248,0.075,0.025,0.20352
42.577,0.02,0.001047,1,0,0.091818,0,-0.90818,1,0.052736,0.075,0.025,0.20326
42.848,0.02,0.001047,1,0,0.091818,0,-0.90818,1,0.052992,0.075,0.025,0.20301
43.119,0.02,0.001047,1,0,0.091818,0,-0.90818,1,0.053248,0.075,0.025,0.20275
43.39,0.02,0.001047,1,0,0.091818,0,-0.90818,1,0.053504,0.075,0.025,0.2025
43.66,0.02,0.001047,1,0,0.091818,0,-0.90818,1,0.05376,0.075,0.025,0.20224
43.931,0.02,0.001047,1,0,0.091818,0,-0.90818,1,0.054016,0.075,0.025,0.20198
44.202,0.02,0.001047,1,0,0.091818,0,-0.90818,1,0.054272,0.075,0.025,0.20173
44.473,0.02,0.001047,1,0,0.091818,0,-0.90818,1,0.054528,0.075,0.025,0.20147
44.744,0.02,0.001047,1,0,0.091818,0,-0.90818,1,0.054784,0.075,0.025,0.20122
45.015,0.02,0.001047,1,0,0.091818,0,-0.90818,1,0.05504,0.075,0.025,0.20096
45.286,0.02,0.001047,1,0,0.091818,0,-0.90818,1,0.055296,0.075,0.025,0.2007
45.556,0.02,0.001047,1,0,0.091818,0,-0.90818,1,0.055552,0.075,0.025,0.20045
45.827,0.02,0.001047,1,0,0.091818,0,-0.90818,1,0.055808,0.075,0.025,0.20019
46.098,0.02,0.001047,1,0,0.091818,0,-0.90818,1,0.056064,0.075,0.025,0.19994
46.369,0.02,0.001047,1,0,0.091818,0,-0.90818,1,0.05632,0.075,0.025,0.19968
46.64,0.02,0.001047,1,0,0.091818,0,-0.90818,1,0.056576,0.075,0.025,0.19942
46.911,0.02,0.001047,1,0,0.091818,0,-0.90818,1,0.056832,0.075,0.025,0.19917
47.182,0.02,0.001047,1,0,0.091818,0,-0.90818,1,0.057088,0.075,0.025,0.19891
47.453,0.02,0.001047,1,0,0.091818,0,-0.90818,1,0.057344,0.075,0.025,0.19866
47.723,0.02,0.001047,1,0,0.091818,0,-0.90818,1,0.0576,0.075,0.025,0.1984
47.994,0.02,0.001047,1,0,0.091818,0,-0.90818,1,0.057856,0.075,0.025,0.19814
48.265,0.02,0.001047,1,0,0.091818,0,-0.90818,1,0.058112,0.075,0.025,0.19789
48.536,0.02,0.001047,1,0,0.091818,0,-0.90818,1,0.058368,0.075,0.025,0.19763
48.807,0.02,0.001047,1,0,0.091818,0,-0.90818,1,0.058624,0.075,0.025,0.19738
49.078,0.02,0.001047,1,0,0.091818,0,-0.90818,1,0.05888,0.075,0.025,0.19712
49.349,0.02,0.001047,1,0,0.091818,0,-0.90818,1,0.059136,0.075,0.025,0.19686
49.619,0.02,0.001047,1,0,0.091818,0,-0.90818,1,0.059392,0.075,0.025,0.19661
49.89,0.02,0.001047,1,0,0.091818,0,-0.90818,1,0.059648,0.075,0.025,0.19635
50.161,0.02,0.001047,1,0,0.091818,0,-0.90818,1,0.059904,0.075,0.025,0.1961
50.432,0.02,0.001047,1,0,0.091818,0,-0.90818,1,0.06016,0.075,0.025,0.19584
50.703,0.02,0.001047,1,0,0.091818,0,-0.90818,1,0.060416,0.075,0.025,0.19558
50.974,0.02,0.001047,1,0,0.091818,0,-0.90818,1,0.060672,0.075,0.025,0.19533
51.245,0.02,0.001047,1,0,0.091818,0,-0.90818,1,0.060928,0.075,0.025,0.19507
51.516,0.02,0.001047,1,0,0.091818,0,-0.90818,1,0.061184,0.075,0.025,0.19482
51.786,0.02,0.001047,1,0,0.091818,0,-0.90818,1,0.06144,0.075,0.025,0.19456
52.016,0.02,0.001047,1,0,0.091818,0,-0.90818,1,0.061696,0.075,0.025,0.1943
52.246,0.02,0.001047,1,0,0.091818,0,-0.90818,1,0.061952,0.075,0.025,0.19405
52.476,0.02,0.001047,1,0,0.091818,0,-0.90818,1,0.062208,0.075,0.025,0.19379
52.706,0.02,0.001047,1,0,0.091818,0,-0.90818,1,0.062464,0.075,0.025,0.19354
52.936,0.02,0.001047,1,0,0.091818,0,-0.90818,1,0.06272,0.075,0.025,0.19328
53.166,0.02,0.001047,1,0,0.091818,0,-0.90818,1,0.062976,0.075,0.025,0.19302
53.396,0.02,0.001047,1,0,0.091818,0,-0.90818,1,0.063232,0.075,0.025,0.19277
53.626,0.02,0.001047,1,0,0.091818,0,-0.90818,1,0.063488,0.075,0.025,0.19251
53.855,0.02,0.001047,1,0,0.091818,0,-0.90818,1,0.063744,0.075,0.025,0.19226
54.085,0.02,0.001047,1,0,0.091818,0,-0.90818,1,0.064,0.075,0.025,0.192
54.315,0.02,0.001047,1,0,0.091818,0,-0.90818,1,0.064256,0.075,0.025,0.19174
54.545,0.02,0.001047,1,0,0.091818,0,-0.90818,1,0.064512,0.075,0.025,0.19149
54.775,0.02,0.001047,1,0,0.091818,0,-0.90818,1,0.064768,0.075,0.025,0.19123
55.005,0.02,0.001047,1,0,0.091818,0,-0.90818,1,0.065024,0.075,0.025,0.19098
55.235,0.02,0.001047,1,0,0.091818,0,-0.90818,1,0.06528,0.075,0.025,0.19072
55.465,0.02,0.001047,1,0,0.091818,0,-0.90818,1,0.065536,0.075,0.025,0.19046
55.695,0.02,0.001047,1,0,0.091818,0,-0.90818,1,0.065792,0.075,0.025,0.19021
55.924,0.02,0.001047,1,0,0.091818,0,-0.90818,1,0.066048,0.075,0.025,0.18995
56.154,0.02,0.001047,1,0,0.091818,0,-0.90818,1,0.066304,0.075,0.025,0.1897
56.384,0.02,0.001047,1,0,0.091818,0,-0.90818,1,0.06656,0.075,0.025,0.18944
56.614,0.02,0.001047,1,0,0.091818,0,-0.90818,1,0.066816,0.075,0.025,0.18918
56.844,0.02,0.001047,1,0,0.091818,0,-0.90818,1,0.067072,0.075,0.025,0.18893
57.074,0.02,0.001047,1,0,0.091818,0,-0.90818,1,0.067328,0.075,0.025,0.18867
57.304,0.02,0.001047,1,0,0.091818,0,-0.90818,1,0.067584,0.075,0.025,0.18842
57.534,0.02,0.001047,1,0,0.091818,0,-0.90818,1,0.06784,0.075,0.025,0.18816
57.764,0.02,0.001047,1,0,0.091818,0,-0.90818,1,0.068096,0.075,0.025,0.1879
57.994,0.02,0.001047,1,0,0.091818,0,-0.90818,1,0.068352,0.075,0.025,0.18765
58.223,0.02,0.001047,1,0,0.091818,0,-0.90818,1,0.068608,0.075,0.025,0.18739
58.453,0.02,0.001047,1,0,0.091818,0,-0.90818,1,0.068864,0.075,0.025,0.18714
58.683,0.02,0.001047,1,0,0.091818,0,-0.90818,1,0.06912,0.075,0.025,0.18688
58.913,0.02,0.001047,1,0,0.091818,0,-0.90818,1,0.069376,0.075,0.025,0.18662
59.143,0.02,0.001047,1,0,0.091818,0,-0.90818,1,0.069632,0.075,0.025,0.18637
59.373,0.02,0.001047,1,0,0.091818,0,-0.90818,1,0.069888,0.075,0.025,0.18611
59.603,0.02,0.001047,1,0,0.091818,0,-0.90818,1,0.070144,0.075,0.025,0.18586
59.833,0.02,0.001047,1,0,0.091818,0,-0.90818,1,0.0704,0.075,0.025,0.1856
60.063,0.02,0.001047,1,0,0.091818,0,-0.90818,1,0.070656,0.075,0.025,0.18534
60.293,0.02,0.001047,1,0,0.091818,0,-0.90818,1,0.070912,0.075,0.025,0.18509
60.522,0.02,0.001047,1,0,0.091818,0,-0.90818,1,0.071168,0.075,0.025,0.18483
60.752,0.02,0.001047,1,0,0.091818,0,-0.90818,1,0.071424,0.075,0.025,0.18458
60.982,0.02,0.001047,1,0,0.091818,0,-0.90818,1,0.07168,0.075,0.025,0.18432
61.173,0.02,0.001047,1,0,0.091818,0,-0.90818,1,0.071936,0.075,0.025,0.18406
61.364,0.02,0.001047,1,0,0.091818,0,-0.90818,1,0.072192,0.075,0.025,0.18381
61.555,0.02,0.001047,1,0,0.091818,0,-0.90818,1,0.072448,0.075,0.025,0.18355
61.746,0.02,0.001047,1,0,0.091818,0,-0.90818,1,0.072704,0.075,0.025,0.1833
61.938,0.02,0.001047,1,0,0.091818,0,-0.90818,1,0.07296,0.075,0.025,0.18304
62.129,0.02,0.001047,1,0,0.091818,0,-0.90818,1,0.073216,0.075,0.025,0.18278
62.32,0.02,0.001047,1,0,0.091818,0,-0.90818,1,0.073472,0.075,0.025,0.18253
62.511,0.02,0.001047,1,0,0.091818,0,-0.90818,1,0.073728,0.075,0.025,0.18227
62.702,0.02,0.001047,1,0,0.091818,0,-0.90818,1,0.073984,0.075,0.025,0.18202
62.893,0.02,0.001047,1,0,0.091818,0,-0.90818,1,0.07424,0.075,0.025,0.18176
63.084,0.02,0.001047,1,0,0.091818,0,-0.90818,1,0.074496,0.075,0.025,0.1815
63.275,0.02,0.001047,1,0,0.091818,0,-0.90818,1,0.074752,0.075,0.025,0.18125
63.466,0.02,0.001047,1,0,0.091818,0,-0.90818,1,0.075008,0.075,0.025,0.18099
63.657,0.02,0.001047,1,0,0.091818,0,-0.90818,1,0.075264,0.075,0.025,0.18074
63.848,0.02,0.001047,1,0,0.091818,0,-0.90818,1,0.07552,0.075,0.025,0.18048
64.039,0.02,0.001047,1,0,0.091818,0,-0.90818,1,0.075776,0.075,0.025,0.18022
64.23,0.02,0.001047,1,0,0.091818,0,-0.90818,1,0.076032,0.075,0.025,0.17997
64.421,0.02,0.001047,1,0,0.091818,0,-0.90818,1,0.076288,0.075,0.025,0.17971
64.612,0.02,0.001047,1,0,0.091818,0,-0.90818,1,0.076544,0.075,0.025,0.17946
64.803,0.02,0.001047,1,0,0.091818,0,-0.90818,1,0.0768,0.075,0.025,0.1792
64.994,0.02,0.001047,1,0,0.091818,0,-0.90818,1,0.077056,0.075,0.025,0.17894
65.185,0.02,0.001047,1,0,0.091818,0,-0.90818,1,0.077312,0.075,0.025,0.17869
65.377,0.02,0.001047,1,0,0.091818,0,-0.90818,1,0.077568,0.075,0.025,0.17843
65.568,0.02,0.001047,1,0,0.091818,0,-0.90818,1,0.077824,0.075,0.025,0.17818
65.759,0.02,0.001047,1,0,0.091818,0,-0.90818,1,0.07808,0.075,0.025,0.17792
65.95,0.02,0.001047,1,0,0.091818,0,-0.90818,1,0.078336,0.075,0.025,0.17766
66.141,0.02,0.001047,1,0,0.091818,0,-0.90818,1,0.078592,0.075,0.025,0.17741
66.332,0.02,0.001047,1,0,0.091818,0,-0.90818,1,0.078848,0.075,0.025,0.17715
66.523,0.02,0.001047,1,0,0.091818,0,-0.90818,1,0.079104,0.075,0.025,0.1769
66.714,0.02,0.001047,1,0,0.091818,0,-0.90818,1,0.07936,0.075,0.025,0.17664
66.905,0.02,0.001047,1,0,0.091818,0,-0.90818,1,0.079616,0.075,0.025,0.17638
67.096,0.02,0.001047,1,0,0.091818,0,-0.90818,1,0.079872,0.075,0.025,0.17613
67.287,0.02,0.001047,1,0,0.091818,0,-0.90818,1,0.080128,0.075,0.025,0.17587
67.478,0.02,0.001047,1,0,0.091818,0,-0.90818,1,0.080384,0.075,0.025,0.17562
67.669,0.02,0.001047,1,0,0.091818,0,-0.90818,1,0.08064,0.075,0.025,0.17536
67.86,0.02,0.001047,1,0,0.091818,0,-0.90818,1,0.080896,0.075,0.025,0.1751
68.051,0.02,0.001047,1,0,0.091818,0,-0.90818,1,0.081152,0.075,0.025,0.17485
68.242,0.02,0.001047,1,0,0.091818,0,-0.90818,1,0.081408,0.075,0.025,0.17459
68.433,0.02,0.001047,1,0,0.091818,0,-0.90818,1,0.081664,0.075,0.025,0.17434
68.625,0.02,0.001047,1,0,0.091818,0,-0.90818,1,0.08192,0.075,0.025,0.17408
68.781,0.02,0.001047,1,0,0.091818,0,-0.90818,1,0.082176,0.075,0.025,0.17382
68.938,0.02,0.001047,1,0,0.091818,0,-0.90818,1,0.082432,0.075,0.025,0.17357
69.094,0.02,0.001047,1,0,0.091818,0,-0.90818,1,0.082688,0.075,0.025,0.17331
69.251,0.02,0.001047,1,0,0.091818,0,-0.90818,1,0.082944,0.075,0.025,0.17306
69.408,0.02,0.001047,1,0,0.091818,0,-0.90818,1,0.0832,0.075,0.025,0.1728
69.564,0.02,0.001047,1,0,0.091818,0,-0.90818,1,0.083456,0.075,0.025,0.17254
69.721,0.02,0.001047,1,0,0.091818,0,-0.90818,1,0.083712,0.075,0.025,0.17229
69.877,0.02,0.001047,1,0,0.091818,0,-0.90818,1,0.083968,0.075,0.025,0.17203
70.034,0.02,0.001047,1,0,0.091818,0,-0.90818,1,0.084224,0.075,0.025,0.17178
70.191,0.02,0.001047,1,0,0.091818,0,-0.90818,1,0.08448,0.075,0.025,0.17152
70.347,0.02,0.001047,1,0,0.091818,0,-0.90818,1,0.084736,0.075,0.025,0.17126
70.504,0.02,0.001047,1,0,0.091818,0,-0.90818,1,0.084992,0.075,0.025,0.17101
70.66,0.02,0.001047,1,0,0.091818,0,-0.90818,1,0.085248,0.075,0.025,0.17075
70.817,0.02,0.001047,1,0,0.091818,0,-0.90818,1,0.085504,0.075,0.025,0.1705
70.974,0.02,0.001047,1,0,0.091818,0,-0.90818,1,0.08576,0.075,0.025,0.17024
71.13,0.02,0.001047,1,0,0.091818,0,-0.90818,1,0.086016,0.075,0.025,0.16998
71.287,0.02,0.001047,1,0,0.091818,0,-0.90818,1,0.086272,0.075,0.025,0.16973
71.443,0.02,0.001047,1,0,0.091818,0,-0.90818,1,0.086528,0.075,0.025,0.16947
71.6,0.02,0.001047,1,0,0.091818,0,-0.90818,1,0.086784,0.075,0.025,0.16922
71.757,0.02,0.001047,1,0,0.091818,0,-0.90818,1,0.08704,0.075,0.025,0.16896
71.913,0.02,0.001047,1,0,0.091818,0,-0.90818,1,0.087296,0.075,0.025,0.1687
72.07,0.02,0.001047,1,0,0.091818,0,-0.90818,1,0.087552,0.075,0.025,0.16845
72.226,0.02,0.001047,1,0,0.091818,0,-0.90818,1,0.087808,0.075,0.025,0.16819
72.383,0.02,0.001047,1,0,0.091818,0,-0.90818,1,0.088064,0.075,0.025,0.16794
72.54,0.02,0.001047,1,0,0.091818,0,-0.90818,1,0.08832,0.075,0.025,0.16768
72.696,0.02,0.001047,1,0,0.091818,0,-0.90818,1,0.088576,0.075,0.025,0.16742
72.853,0.02,0.001047,1,0,0.091818,0,-0.90818,1,0.088832,0.075,0.025,0.16717
73.009,0.02,0.001047,1,0,0.091818,0,-0.90818,1,0.089088,0.075,0.025,0.16691
73.166,0.02,0.001047,1,0,0.091818,0,-0.90818,1,0.089344,0.075,0.025,0.16666
73.323,0.02,0.001047,1,0,0.091818,0,-0.90818,1,0.0896,0.075,0.025,0.1664
73.479,0.02,0.001047,1,0,0.091818,0,-0.90818,1,0.089856,0.075,0.025,0.16614
73.636,0.02,0.001047,1,0,0.091818,0,-0.90818,1,0.090112,0.075,0.025,0.16589
73.792,0.02,0.001047,1,0,0.091818,0,-0.90818,1,0.090368,0.075,0.025,0.16563
73.949,0.02,0.001047,1,0,0.091818,0,-0.90818,1,0.090624,0.075,0.025,0.16538
74.106,0.02,0.001047,1,0,0.091818,0,-0.90818,1,0.09088,0.075,0.025,0.16512
74.262,0.02,0.001047,1,0,0.091818,0,-0.90818,1,0.091136,0.075,0.025,0.16486
74.419,0.02,0.001047,1,0,0.091818,0,-0.90818,1,0.091392,0.075,0.025,0.16461
74.575,0.02,0.001047,1,0,0.091818,0,-0.90818,1,0.091648,0.075,0.025,0.16435
74.732,0.02,0.001047,1,0,0.091818,0,-0.90818,1,0.091904,0.075,0.025,0.1641
74.889,0.02,0.001047,1,0,0.091818,0,-0.90818,1,0.09216,0.075,0.025,0.16384
75.016,0.02,0.001047,1,0,0.091818,0,-0.90818,1,0.092416,0.075,0.025,0.16358
75.143,0.02,0.001047,1,0,0.091818,0,-0.90818,1,0.092672,0.075,0.025,0.16333
75.27,0.02,0.001047,1,0,0.091818,0,-0.90818,1,0.092928,0.075,0.025,0.16307
75.397,0.02,0.001047,1,0,0.091818,0,-0.90818,1,0.093184,0.075,0.025,0.16282
75.524,0.02,0.001047,1,0,0.091818,0,-0.90818,1,0.09344,0.075,0.025,0.16256
75.651,0.02,0.001047,1,0,0.091818,0,-0.90818,1,0.093696,0.075,0.025,0.1623
75.779,0.02,0.001047,1,0,0.091818,0,-0.90818,1,0.093952,0.075,0.025,0.16205
75.906,0.02,0.001047,1,0,0.091818,0,-0.90818,1,0.094208,0.075,0.025,0.16179
76.033,0.02,0.001047,1,0,0.091818,0,-0.90818,1,0.094464,0.075,0.025,0.16154
76.16,0.02,0.001047,1,0,0.091818,0,-0.90818,1,0.09472,0.075,0.025,0.16128
76.287,0.02,0.001047,1,0,0.091818,0,-0.90818,1,0.094976,0.075,0.025,0.16102
76.414,0.02,0.001047,1,0,0.091818,0,-0.90818,1,0.095232,0.075,0.025,0.16077
76.541,0.02,0.001047,1,0,0.091818,0,-0.90818,1,0.095488,0.075,0.025,0.16051
76.668,0.02,0.001047,1,0,0.091818,0,-0.90818,1,0.095744,0.075,0.025,0.16026
76.796,0.02,0.001047,1,0,0.091818,0,-0.90818,1,0.096,0.075,0.025,0.16
76.923,0.02,0.001047,1,0,0.091818,0,-0.90818,1,0.096256,0.075,0.025,0.15974
77.05,0.02,0.001047,1,0,0.091818,0,-0.90818,1,0.096512,0.075,0.025,0.15949
77.177,0.02,0.001047,1,0,0.091818,0,-0.90818,1,0.096768,0.075,0.025,0.15923
77.304,0.02,0.001047,1,0,0.091818,0,-0.90818,1,0.097024,0.075,0.025,0.15898
77.431,0.02,0.001047,1,0,0.091818,0,-0.90818,1,0.09728,0.075,0.025,0.15872
77.558,0.02,0.001047,1,0,0.091818,0,-0.90818,1,0.097536,0.075,0.025,0.15846
77.686,0.02,0.001047,1,0,0.091818,0,-0.90818,1,0.097792,0.075,0.025,0.15821
77.813,0.02,0.001047,1,0,0.091818,0,-0.90818,1,0.098048,0.075,0.025,0.15795
77.94,0.02,0.001047,1,0,0.091818,0,-0.90818,1,0.098304,0.075,0.025,0.1577
78.067,0.02,0.001047,1,0,0.091818,0,-0.90818,1,0.09856,0.075,0.025,0.15744
78.194,0.02,0.001047,1,0,0.091818,0,-0.90818,1,0.098816,0.075,0.025,0.15718
78.321,0.02,0.001047,1,0,0.091818,0,-0.90818,1,0.099072,0.075,0.025,0.15693
78.448,0.02,0.001047,1,0,0.091818,0,-0.90818,1,0.099328,0.075,0.025,0.15667
78.575,0.02,0.001047,1,0,0.091818,0,-0.90818,1,0.099584,0.075,0.025,0.15642
78.703,0.02,0.001047,1,0,0.091818,0,-0.90818,1,0.09984,0.075,0.025,0.15616
78.83,0.02,0.001047,1,0,0.091818,0,-0.90818,1,0.1001,0.075,0.025,0.1559
78.957,0.02,0.001047,1,0,0.091818,0,-0.90818,1,0.10035,0.075,0.025,0.15565
79.084,0.02,0.001047,1,0,0.091818,0,-0.90818,1,0.10061,0.075,0.025,0.15539
79.211,0.02,0.001047,1,0,0.091818,0,-0.90818,1,0.10086,0.075,0.025,0.15514
79.338,0.02,0.001047,1,0,0.091818,0,-0.90818,1,0.10112,0.075,0.025,0.15488
79.465,0.02,0.001047,1,0,0.091818,0,-0.90818,1,0.10138,0.075,0.025,0.15462
79.592,0.02,0.001047,1,0,0.091818,0,-0.90818,1,0.10163,0.075,0.025,0.15437
79.72,0.02,0.001047,1,0,0.091818,0,-0.90818,1,0.10189,0.075,0.025,0.15411
79.847,0.02,0.001047,1,0,0.091818,0,-0.90818,1,0.10214,0.075,0.025,0.15386
79.974,0.02,0.001047,1,0,0.091818,0,-0.90818,1,0.1024,0.075,0.025,0.1536
80.076,0.02,0.001047,1,0,0.091818,0,-0.90818,1,0.10266,0.075,0.025,0.15334
80.179,0.02,0.001047,1,0,0.091818,0,-0.90818,1,0.10291,0.075,0.025,0.15309
80.281,0.02,0.001047,1,0,0.091818,0,-0.90818,1,0.10317,0.075,0.025,0.15283
80.384,0.02,0.001047,1,0,0.091818,0,-0.90818,1,0.10342,0.075,0.025,0.15258
80.486,0.02,0.001047,1,0,0.091818,0,-0.90818,1,0.10368,0.075,0.025,0.15232
80.589,0.02,0.001047,1,0,0.091818,0,-0.90818,1,0.10394,0.075,0.025,0.15206
80.691,0.02,0.001047,1,0,0.091818,0,-0.90818,1,0.10419,0.075,0.025,0.15181
80.794,0.02,0.001047,1,0,0.091818,0,-0.90818,1,0.10445,0.075,0.025,0.15155
80.896,0.02,0.001047,1,0,0.091818,0,-0.90818,1,0.1047,0.075,0.025,0.1513
80.999,0.02,0.001047,1,0,0.091818,0,-0.90818,1,0.10496,0.075,0.025,0.15104
81.101,0.02,0.001047,1,0,0.091818,0,-0.90818,1,0.10522,0.075,0.025,0.15078
81.204,0.02,0.001047,1,0,0.091818,0,-0.90818,1,0.10547,0.075,0.025,0.15053
81.306,0.02,0.001047,1,0,0.091818,0,-0.90818,1,0.10573,0.075,0.025,0.15027
81.409,0.02,0.001047,1,0,0.091818,0,-0.90818,1,0.10598,0.075,0.025,0.15002
81.511,0.02,0.001047,1,0,0.091818,0,-0.90818,1,0.10624,0.075,0.025,0.14976
81.614,0.02,0.001047,1,0,0.091818,0,-0.90818,1,0.1065,0.075,0.025,0.1495
81.716,0.02,0.001047,1,0,0.091818,0,-0.90818,1,0.10675,0.075,0.025,0.14925
81.819,0.02,0.001047,1,0,0.091818,0,-0.90818,1,0.10701,0.075,0.025,0.14899
81.921,0.02,0.001047,1,0,0.091818,0,-0.90818,1,0.10726,0.075,0.025,0.14874
82.024,0.02,0.001047,1,0,0.091818,0,-0.90818,1,0.10752,0.075,0.025,0.14848
82.126,0.02,0.001047,1,0,0.091818,0,-0.90818,1,0.10778,0.075,0.025,0.14822
82.229,0.02,0.001047,1,0,0.091818,0,-0.90818,1,0.10803,0.075,0.025,0.14797
82.331,0.02,0.001047,1,0,0.091818,0,-0.90818,1,0.10829,0.075,0.025,0.14771
82.434,0.02,0.001047,1,0,0.091818,0,-0.90818,1,0.10854,0.075,0.025,0.14746
82.536,0.02,0.001047,1,0,0.091818,0,-0.90818,1,0.1088,0.075,0.025,0.1472
82.639,0.02,0.001047,1,0,0.091818,0,-0.90818,1,0.10906,0.075,0.025,0.14694
82.741,0.02,0.001047,1,0,0.091818,0,-0.90818,1,0.10931,0.075,0.025,0.14669
82.844,0.02,0.001047,1,0,0.091818,0,-0.90818,1,0.10957,0.075,0.025,0.14643
82.946,0.02,0.001047,1,0,0.091818,0,-0.90818,1,0.10982,0.075,0.025,0.14618
83.049,0.02,0.001047,1,0,0.091818,0,-0.90818,1,0.11008,0.075,0.025,0.14592
83.151,0.02,0.001047,1,0,0.091818,0,-0.90818,1,0.11034,0.075,0.025,0.14566
83.254,0.02,0.001047,1,0,0.091818,0,-0.90818,1,0.11059,0.075,0.025,0.14541
83.356,0.02,0.001047,1,0,0.091818,0,-0.90818,1,0.11085,0.075,0.025,0.14515
83.458,0.02,0.001047,1,0,0.091818,0,-0.90818,1,0.1111,0.075,0.025,0.1449
83.561,0.02,0.001047,1,0,0.091818,0,-0.90818,1,0.11136,0.075,0.025,0.14464
83.663,0.02,0.001047,1,0,0.091818,0,-0.90818,1,0.11162,0.075,0.025,0.14438
83.766,0.02,0.001047,1,0,0.091818,0,-0.90818,1,0.11187,0.075,0.025,0.14413
83.868,0.02,0.001047,1,0,0.091818,0,-0.90818,1,0.11213,0.075,0.025,0.14387
83.971,0.02,0.001047,1,0,0.091818,0,-0.90818,1,0.11238,0.075,0.025,0.14362
84.073,0.02,0.001047,1,0,0.091818,0,-0.90818,1,0.11264,0.075,0.025,0.14336
84.156,0.02,0.001047,1,0,0.091818,0,-0.90818,1,0.1129,0.075,0.025,0.1431
84.238,0.02,0.001047,1,0,0.091818,0,-0.90818,1,0.11315,0.075,0.025,0.14285
84.32,0.02,0.001047,1,0,0.091818,0,-0.90818,1,0.11341,0.075,0.025,0.14259
84.402,0.02,0.001047,1,0,0.091818,0,-0.90818,1,0.11366,0.075,0.025,0.14234
84.484,0.02,0.001047,1,0,0.091818,0,-0.90818,1,0.11392,0.075,0.025,0.14208
84.567,0.02,0.001047,1,0,0.091818,0,-0.90818,1,0.11418,0.075,0.025,0.14182
84.649,0.02,0.001047,1,0,0.091818,0,-0.90818,1,0.11443,0.075,0.025,0.14157
84.731,0.02,0.001047,1,0,0.091818,0,-0.90818,1,0.11469,0.075,0.025,0.14131
84.813,0.02,0.001047,1,0,0.091818,0,-0.90818,1,0.11494,0.075,0.025,0.14106
84.895,0.02,0.001047,1,0,0.091818,0,-0.90818,1,0.1152,0.075,0.025,0.1408
84.978,0.02,0.001047,1,0,0.091818,0,-0.90818,1,0.11546,0.075,0.025,0.14054
85.06,0.02,0.001047,1,0,0.091818,0,-0.90818,1,0.11571,0.075,0.025,0.14029
85.142,0.02,0.001047,1,0,0.091818,0,-0.90818,1,0.11597,0.075,0.025,0.14003
85.224,0.02,0.001047,1,0,0.091818,0,-0.90818,1,0.11622,0.075,0.025,0.13978
85.306,0.02,0.001047,1,0,0.091818,0,-0.90818,1,0.11648,0.075,0.025,0.13952
85.389,0.02,0.001047,1,0,0.091818,0,-0.90818,1,0.11674,0.075,0.025,0.13926
85.471,0.02,0.001047,1,0,0.091818,0,-0.90818,1,0.11699,0.075,0.025,0.13901
85.553,0.02,0.001047,1,0,0.091818,0,-0.90818,1,0.11725,0.075,0.025,0.13875
85.635,0.02,0.001047,1,0,0.091818,0,-0.90818,1,0.1175,0.075,0.025,0.1385
85.717,0.02,0.001047,1,0,0.091818,0,-0.90818,1,0.11776,0.075,0.025,0.13824
85.8,0.02,0.001047,1,0,0.091818,0,-0.90818,1,0.11802,0.075,0.025,0.13798
85.882,0.02,0.001047,1,0,0.091818,0,-0.90818,1,0.11827,0.075,0.025,0.13773
85.964,0.02,0.001047,1,0,0.091818,0,-0.90818,1,0.11853,0.075,0.025,0.13747
86.046,0.02,0.001047,1,0,0.091818,0,-0.90818,1,0.11878,0.075,0.025,0.13722
86.128,0.02,0.001047,1,0,0.091818,0,-0.90818,1,0.11904,0.075,0.025,0.13696
86.211,0.02,0.001047,1,0,0.091818,0,-0.90818,1,0.1193,0.075,0.025,0.1367
86.293,0.02,0.001047,1,0,0.091818,0,-0.90818,1,0.11955,0.075,0.025,0.13645
86.375,0.02,0.001047,1,0,0.091818,0,-0.90818,1,0.11981,0.075,0.025,0.13619
86.457,0.02,0.001047,1,0,0.091818,0,-0.90818,1,0.12006,0.075,0.025,0.13594
86.539,0.02,0.001047,1,0,0.091818,0,-0.90818,1,0.12032,0.075,0.025,0.13568
86.622,0.02,0.001047,1,0,0.091818,0,-0.90818,1,0.12058,0.075,0.025,0.13542
86.704,0.02,0.001047,1,0,0.091818,0,-0.90818,1,0.12083,0.075,0.025,0.13517
86.786,0.02,0.001047,1,0,0.091818,0,-0.90818,1,0.12109,0.075,0.025,0.13491
86.868,0.02,0.001047,1,0,0.091818,0,-0.90818,1,0.12134,0.075,0.025,0.13466
86.95,0.02,0.001047,1,0,0.091818,0,-0.90818,1,0.1216,0.075,0.025,0.1344
87.033,0.02,0.001047,1,0,0.091818,0,-0.90818,1,0.12186,0.075,0.025,0.13414
87.115,0.02,0.001047,1,0,0.091818,0,-0.90818,1,0.12211,0.075,0.025,0.13389
87.197,0.02,0.001047,1,0,0.091818,0,-0.90818,1,0.12237,0.075,0.025,0.13363
87.279,0.02,0.001047,1,0,0.091818,0,-0.90818,1,0.12262,0.075,0.025,0.13338
87.361,0.02,0.001047,1,0,0.091818,0,-0.90818,1,0.12288,0.075,0.025,0.13312
87.427,0.02,0.001047,1,0,0.091818,0,-0.90818,1,0.12314,0.075,0.025,0.13286
87.493,0.02,0.001047,1,0,0.091818,0,-0.90818,1,0.12339,0.075,0.025,0.13261
87.558,0.02,0.001047,1,0,0.091818,0,-0.90818,1,0.12365,0.075,0.025,0.13235
87.624,0.02,0.001047,1,0,0.091818,0,-0.90818,1,0.1239,0.075,0.025,0.1321
87.69,0.02,0.001047,1,0,0.091818,0,-0.90818,1,0.12416,0.075,0.025,0.13184
87.755,0.02,0.001047,1,0,0.091818,0,-0.90818,1,0.12442,0.075,0.025,0.13158
87.821,0.02,0.001047,1,0,0.091818,0,-0.90818,1,0.12467,0.075,0.025,0.13133
87.887,0.02,0.001047,1,0,0.091818,0,-0.90818,1,0.12493,0.075,0.025,0.13107
87.952,0.02,0.001047,1,0,0.091818,0,-0.90818,1,0.12518,0.075,0.025,0.13082
88.018,0.02,0.001047,1,0,0.091818,0,-0.90818,1,0.12544,0.075,0.025,0.13056
88.084,0.02,0.001047,1,0,0.091818,0,-0.90818,1,0.1257,0.075,0.025,0.1303
88.149,0.02,0.001047,1,0,0.091818,0,-0.90818,1,0.12595,0.075,0.025,0.13005
88.215,0.02,0.001047,1,0,0.091818,0,-0.90818,1,0.12621,0.075,0.025,0.12979
88.281,0.02,0.001047,1,0,0.091818,0,-0.90818,1,0.12646,0.075,0.025,0.12954
88.347,0.02,0.001047,1,0,0.091818,0,-0.90818,1,0.12672,0.075,0.025,0.12928
88.412,0.02,0.001047,1,0,0.091818,0,-0.90818,1,0.12698,0.075,0.025,0.12902
88.478,0.02,0.001047,1,0,0.091818,0,-0.90818,1,0.12723,0.075,0.025,0.12877
88.544,0.02,0.001047,1,0,0.091818,0,-0.90818,1,0.12749,0.075,0.025,0.12851
88.609,0.02,0.001047,1,0,0.091818,0,-0.90818,1,0.12774,0.075,0.025,0.12826
88.675,0.02,0.001047,1,0,0.091818,0,-0.90818,1,0.128,0.075,0.025,0.128
88.741,0.02,0.001047,1,0,0.091818,0,-0.90818,1,0.12826,0.075,0.025,0.12774
88.806,0.02,0.001047,1,0,0.091818,0,-0.90818,1,0.12851,0.075,0.025,0.12749
88.872,0.02,0.001047,1,0,0.091818,0,-0.90818,1,0.12877,0.075,0.025,0.12723
88.938,0.02,0.001047,1,0,0.091818,0,-0.90818,1,0.12902,0.075,0.025,0.12698
89.003,0.02,0.001047,1,0,0.091818,0,-0.90818,1,0.12928,0.075,0.025,0.12672
89.069,0.02,0.001047,1,0,0.091818,0,-0.90818,1,0.12954,0.075,0.025,0.12646
89.135,0.02,0.001047,1,0,0.091818,0,-0.90818,1,0.12979,0.075,0.025,0.12621
89.2,0.02,0.001047,1,0,0.091818,0,-0.90818,1,0.13005,0.075,0.025,0.12595
89.266,0.02,0.001047,1,0,0.091818,0,-0.90818,1,0.1303,0.075,0.025,0.1257
89.332,0.02,0.001047,1,0,0.091818,0,-0.90818,1,0.13056,0.075,0.025,0.12544
89.397,0.02,0.001047,1,0,0.091818,0,-0.90818,1,0.13082,0.075,0.025,0.12518
89.463,0.02,0.001047,1,0,0.091818,0,-0.90818,1,0.13107,0.075,0.025,0.12493
89.529,0.02,0.001047,1,0,0.091818,0,-0.90818,1,0.13133,0.075,0.025,0.12467
89.594,0.02,0.001047,1,0,0.091818,0,-0.90818,1,0.13158,0.075,0.025,0.12442
89.66,0.02,0.001047,1,0,0.091818,0,-0.90818,1,0.13184,0.075,0.025,0.12416
89.726,0.02,0.001047,1,0,0.091818,0,-0.90818,1,0.1321,0.075,0.025,0.1239
89.791,0.02,0.001047,1,0,0.091818,0,-0.90818,1,0.13235,0.075,0.025,0.12365
89.857,0.02,0.001047,1,0,0.091818,0,-0.90818,1,0.13261,0.075,0.025,0.12339
89.923,0.02,0.001047,1,0,0.091818,0,-0.90818,1,0.13286,0.075,0.025,0.12314
89.988,0.02,0.001047,1,0,0.091818,0,-0.90818,1,0.13312,0.075,0.025,0.12288
90.041,0.02,0.001047,1,0,0.091818,0,-0.90818,1,0.13338,0.075,0.025,0.12262
90.093,0.02,0.001047,1,0,0.091818,0,-0.90818,1,0.13363,0.075,0.025,0.12237
90.145,0.02,0.001047,1,0,0.091818,0,-0.90818,1,0.13389,0.075,0.025,0.12211
90.197,0.02,0.001047,1,0,0.091818,0,-0.90818,1,0.13414,0.075,0.025,0.12186
90.25,0.02,0.001047,1,0,0.091818,0,-0.90818,1,0.1344,0.075,0.025,0.1216
90.302,0.02,0.001047,1,0,0.091818,0,-0.90818,1,0.13466,0.075,0.025,0.12134
90.354,0.02,0.001047,1,0,0.091818,0,-0.90818,1,0.13491,0.075,0.025,0.12109
90.407,0.02,0.001047,1,0,0.091818,0,-0.90818,1,0.13517,0.075,0.025,0.12083
90.459,0.02,0.001047,1,0,0.091818,0,-0.90818,1,0.13542,0.075,0.025,0.12058
90.511,0.02,0.001047,1,0,0.091818,0,-0.90818,1,0.13568,0.075,0.025,0.12032
90.564,0.02,0.001047,1,0,0.091818,0,-0.90818,1,0.13594,0.075,0.025,0.12006
90.616,0.02,0.001047,1,0,0.091818,0,-0.90818,1,0.13619,0.075,0.025,0.11981
90.668,0.02,0.001047,1,0,0.091818,0,-0.90818,1,0.13645,0.075,0.025,0.11955
90.72,0.02,0.001047,1,0,0.091818,0,-0.90818,1,0.1367,0.075,0.025,0.1193
90.773,0.02,0.001047,1,0,0.091818,0,-0.90818,1,0.13696,0.075,0.025,0.11904
90.825,0.02,0.001047,1,0,0.091818,0,-0.90818,1,0.13722,0.075,0.025,0.11878
90.877,0.02,0.001047,1,0,0.091818,0,-0.90818,1,0.13747,0.075,0.025,0.11853
90.93,0.02,0.001047,1,0,0.091818,0,-0.90818,1,0.13773,0.075,0.025,0.11827
90.982,0.02,0.001047,1,0,0.091818,0,-0.90818,1,0.13798,0.075,0.025,0.11802
91.034,0.02,0.001047,1,0,0.091818,0,-0.90818,1,0.13824,0.075,0.025,0.11776
91.087,0.02,0.001047,1,0,0.091818,0,-0.90818,1,0.1385,0.075,0.025,0.1175
91.139,0.02,0.001047,1,0,0.091818,0,-0.90818,1,0.13875,0.075,0.025,0.11725
91.191,0.02,0.001047,1,0,0.091818,0,-0.90818,1,0.13901,0.075,0.025,0.11699
91.243,0.02,0.001047,1,0,0.091818,0,-0.90818,1,0.13926,0.075,0.025,0.11674
91.296,0.02,0.001047,1,0,0.091818,0,-0.90818,1,0.13952,0.075,0.025,0.11648
91.348,0.02,0.001047,1,0,0.091818,0,-0.90818,1,0.13978,0.075,0.025,0.11622
91.4,0.02,0.001047,1,0,0.091818,0,-0.90818,1,0.14003,0.075,0.025,0.11597
91.453,0.02,0.001047,1,0,0.091818,0,-0.90818,1,0.14029,0.075,0.025,0.11571
91.505,0.02,0.001047,1,0,0.091818,0,-0.90818,1,0.14054,0.075,0.025,0.11546
91.557,0.02,0.001047,1,0,0.091818,0,-0.90818,1,0.1408,0.075,0.025,0.1152
91.61,0.02,0.001047,1,0,0.091818,0,-0.90818,1,0.14106,0.075,0.025,0.11494
91.662,0.02,0.001047,1,0,0.091818,0,-0.90818,1,0.14131,0.075,0.025,0.11469
91.714,0.02,0.001047,1,0,0.091818,0,-0.90818,1,0.14157,0.075,0.025,0.11443
91.766,0.02,0.001047,1,0,0.091818,0,-0.90818,1,0.14182,0.075,0.025,0.11418
91.819,0.02,0.001047,1,0,0.091818,0,-0.90818,1,0.14208,0.075,0.025,0.11392
91.871,0.02,0.001047,1,0,0.091818,0,-0.90818,1,0.14234,0.075,0.025,0.11366
91.923,0.02,0.001047,1,0,0.091818,0,-0.90818,1,0.14259,0.075,0.025,0.11341
91.976,0.02,0.001047,1,0,0.091818,0,-0.90818,1,0.14285,0.075,0.025,0.11315
92.028,0.02,0.001047,1,0,0.091818,0,-0.90818,1,0.1431,0.075,0.025,0.1129
92.08,0.02,0.001047,1,0,0.091818,0,-0.90818,1,0.14336,0.075,0.025,0.11264
92.122,0.02,0.001047,1,0,0.091818,0,-0.90818,1,0.14362,0.075,0.025,0.11238
92.163,0.02,0.001047,1,0,0.091818,0,-0.90818,1,0.14387,0.075,0.025,0.11213
92.205,0.02,0.001047,1,0,0.091818,0,-0.90818,1,0.14413,0.075,0.025,0.11187
92.246,0.02,0.001047,1,0,0.091818,0,-0.90818,1,0.14438,0.075,0.025,0.11162
92.288,0.02,0.001047,1,0,0.091818,0,-0.90818,1,0.14464,0.075,0.025,0.11136
92.329,0.02,0.001047,1,0,0.091818,0,-0.90818,1,0.1449,0.075,0.025,0.1111
92.371,0.02,0.001047,1,0,0.091818,0,-0.90818,1,0.14515,0.075,0.025,0.11085
92.413,0.02,0.001047,1,0,0.091818,0,-0.90818,1,0.14541,0.075,0.025,0.11059
92.454,0.02,0.001047,1,0,0.091818,0,-0.90818,1,0.14566,0.075,0.025,0.11034
92.496,0.02,0.001047,1,0,0.091818,0,-0.90818,1,0.14592,0.075,0.025,0.11008
92.537,0.02,0.001047,1,0,0.091818,0,-0.90818,1,0.14618,0.075,0.025,0.10982
92.579,0.02,0.001047,1,0,0.091818,0,-0.90818,1,0.14643,0.075,0.025,0.10957
92.62,0.02,0.001047,1,0,0.091818,0,-0.90818,1,0.14669,0.075,0.025,0.10931
92.662,0.02,0.001047,1,0,0.091818,0,-0.90818,1,0.14694,0.075,0.025,0.10906
92.703,0.02,0.001047,1,0,0.091818,0,-0.90818,1,0.1472,0.075,0.025,0.1088
92.745,0.02,0.001047,1,0,0.091818,0,-0.90818,1,0.14746,0.075,0.025,0.10854
92.786,0.02,0.001047,1,0,0.091818,0,-0.90818,1,0.14771,0.075,0.025,0.10829
92.828,0.02,0.001047,1,0,0.091818,0,-0.90818,1,0.14797,0.075,0.025,0.10803
92.87,0.02,0.001047,1,0,0.091818,0,-0.90818,1,0.14822,0.075,0.025,0.10778
92.911,0.02,0.001047,1,0,0.091818,0,-0.90818,1,0.14848,0.075,0.025,0.10752
92.953,0.02,0.001047,1,0,0.091818,0,-0.90818,1,0.14874,0.075,0.025,0.10726
92.994,0.02,0.001047,1,0,0.091818,0,-0.90818,1,0.14899,0.075,0.025,0.10701
93.036,0.02,0.001047,1,0,0.091818,0,-0.90818,1,0.14925,0.075,0.025,0.10675
93.077,0.02,0.001047,1,0,0.091818,0,-0.90818,1,0.1495,0.075,0.025,0.1065
93.119,0.02,0.001047,1,0,0.091818,0,-0.90818,1,0.14976,0.075,0.025,0.10624
93.16,0.02,0.001047,1,0,0.091818,0,-0.90818,1,0.15002,0.075,0.025,0.10598
93.202,0.02,0.001047,1,0,0.091818,0,-0.90818,1,0.15027,0.075,0.025,0.10573
93.243,0.02,0.001047,1,0,0.091818,0,-0.90818,1,0.15053,0.075,0.025,0.10547
93.285,0.02,0.001047,1,0,0.091818,0,-0.90818,1,0.15078,0.075,0.025,0.10522
93.326,0.02,0.001047,1,0,0.091818,0,-0.90818,1,0.15104,0.075,0.025,0.10496
93.368,0.02,0.001047,1,0,0.091818,0,-0.90818,1,0.1513,0.075,0.025,0.1047
93.41,0.02,0.001047,1,0,0.091818,0,-0.90818,1,0.15155,0.075,0.025,0.10445
93.451,0.02,0.001047,1,0,0.091818,0,-0.90818,1,0.15181,0.075,0.025,0.10419
93.493,0.02,0.001047,1,0,0.091818,0,-0.90818,1,0.15206,0.075,0.025,0.10394
93.534,0.02,0.001047,1,0,0.091818,0,-0.90818,1,0.15232,0.075,0.025,0.10368
93.576,0.02,0.001047,1,0,0.091818,0,-0.90818,1,0.15258,0.075,0.025,0.10342
93.617,0.02,0.001047,1,0,0.091818,0,-0.90818,1,0.15283,0.075,0.025,0.10317
93.659,0.02,0.001047,1,0,0.091818,0,-0.90818,1,0.15309,0.075,0.025,0.10291
93.7,0.02,0.001047,1,0,0.091818,0,-0.90818,1,0.15334,0.075,0.025,0.10266
93.742,0.02,0.001047,1,0,0.091818,0,-0.90818,1,0.1536,0.075,0.025,0.1024
93.775,0.02,0.001047,1,0,0.091818,0,-0.90818,1,0.15386,0.075,0.025,0.10214
93.808,0.02,0.001047,1,0,0.091818,0,-0.90818,1,0.15411,0.075,0.025,0.10189
93.841,0.02,0.001047,1,0,0.091818,0,-0.90818,1,0.15437,0.075,0.025,0.10163
93.874,0.02,0.001047,1,0,0.091818,0,-0.90818,1,0.15462,0.075,0.025,0.10138
93.906,0.02,0.001047,1,0,0.091818,0,-0.90818,1,0.15488,0.075,0.025,0.10112
93.939,0.02,0.001047,1,0,0.091818,0,-0.90818,1,0.15514,0.075,0.025,0.10086
93.972,0.02,0.001047,1,0,0.091818,0,-0.90818,1,0.15539,0.075,0.025,0.10061
94.005,0.02,0.001047,1,0,0.091818,0,-0.90818,1,0.15565,0.075,0.025,0.10035
94.038,0.02,0.001047,1,0,0.091818,0,-0.90818,1,0.1559,0.075,0.025,0.1001
94.071,0.02,0.001047,1,0,0.091818,0,-0.90818,1,0.15616,0.075,0.025,0.09984
94.104,0.02,0.001047,1,0,0.091818,0,-0.90818,1,0.15642,0.075,0.025,0.099584
94.137,0.02,0.001047,1,0,0.091818,0,-0.90818,1,0.15667,0.075,0.025,0.099328
94.17,0.02,0.001047,1,0,0.091818,0,-0.90818,1,0.15693,0.075,0.025,0.099072
94.203,0.02,0.001047,1,0,0.091818,0,-0.90818,1,0.15718,0.075,0.025,0.098816
94.236,0.02,0.001047,1,0,0.091818,0,-0.90818,1,0.15744,0.075,0.025,0.09856
94.269,0.02,0.001047,1,0,0.091818,0,-0.90818,1,0.1577,0.075,0.025,0.098304
94.302,0.02,0.001047,1,0,0.091818,0,-0.90818,1,0.15795,0.075,0.025,0.098048
94.334,0.02,0.001047,1,0,0.091818,0,-0.90818,1,0.15821,0.075,0.025,0.097792
94.367,0.02,0.001047,1,0,0.091818,0,-0.90818,1,0.15846,0.075,0.025,0.097536
94.4,0.02,0.001047,1,0,0.091818,0,-0.90818,1,0.15872,0.075,0.025,0.09728
94.433,0.02,0.001047,1,0,0.091818,0,-0.90818,1,0.15898,0.075,0.025,0.097024
94.466,0.02,0.001047,1,0,0.091818,0,-0.90818,1,0.15923,0.075,0.025,0.096768
94.499,0.02,0.001047,1,0,0.091818,0,-0.90818,1,0.15949,0.075,0.025,0.096512
94.532,0.02,0.001047,1,0,0.091818,0,-0.90818,1,0.15974,0.075,0.025,0.096256
94.565,0.02,0.001047,1,0,0.091818,0,-0.90818,1,0.16,0.075,0.025,0.096
94.598,0.02,0.001047,1,0,0.091818,0,-0.90818,1,0.16026,0.075,0.025,0.095744
94.631,0.02,0.001047,1,0,0.091818,0,-0.90818,1,0.16051,0.075,0.025,0.095488
94.664,0.02,0.001047,1,0,0.091818,0,-0.90818,1,0.16077,0.075,0.025,0.095232
94.697,0.02,0.001047,1,0,0.091818,0,-0.90818,1,0.16102,0.075,0.025,0.094976
94.729,0.02,0.001047,1,0,0.091818,0,-0.90818,1,0.16128,0.075,0.025,0.09472
94.762,0.02,0.001047,1,0,0.091818,0,-0.90818,1,0.16154,0.075,0.025,0.094464
94.795,0.02,0.001047,1,0,0.091818,0,-0.90818,1,0.16179,0.075,0.025,0.094208
94.828,0.02,0.001047,1,0,0.091818,0,-0.90818,1,0.16205,0.075,0.025,0.093952
94.861,0.02,0.001047,1,0,0.091818,0,-0.90818,1,0.1623,0.075,0.025,0.093696
94.894,0.02,0.001047,1,0,0.091818,0,-0.90818,1,0.16256,0.075,0.025,0.09344
94.927,0.02,0.001047,1,0,0.091818,0,-0.90818,1,0.16282,0.075,0.025,0.093184
94.96,0.02,0.001047,1,0,0.091818,0,-0.90818,1,0.16307,0.075,0.025,0.092928
94.993,0.02,0.001047,1,0,0.091818,0,-0.90818,1,0.16333,0.075,0.025,0.092672
95.026,0.02,0.001047,1,0,0.091818,0,-0.90818,1,0.16358,0.075,0.025,0.092416
95.059,0.02,0.001047,1,0,0.091818,0,-0.90818,1,0.16384,0.075,0.025,0.09216
95.085,0.02,0.001047,1,0,0.091818,0,-0.90818,1,0.1641,0.075,0.025,0.091904
95.111,0.02,0.001047,1,0,0.091818,0,-0.90818,1,0.16435,0.075,0.025,0.091648
95.137,0.02,0.001047,1,0,0.091818,0,-0.90818,1,0.16461,0.075,0.025,0.091392
95.163,0.02,0.001047,1,0,0.091818,0,-0.90818,1,0.16486,0.075,0.025,0.091136
95.189,0.02,0.001047,1,0,0.091818,0,-0.90818,1,0.16512,0.075,0.025,0.09088
95.215,0.02,0.001047,1,0,0.091818,0,-0.90818,1,0.16538,0.075,0.025,0.090624
95.241,0.02,0.001047,1,0,0.091818,0,-0.90818,1,0.16563,0.075,0.025,0.090368
95.267,0.02,0.001047,1,0,0.091818,0,-0.90818,1,0.16589,0.075,0.025,0.090112
95.293,0.02,0.001047,1,0,0.091818,0,-0.90818,1,0.16614,0.075,0.025,0.089856
95.319,0.02,0.001047,1,0,0.091818,0,-0.90818,1,0.1664,0.075,0.025,0.0896
95.345,0.02,0.001047,1,0,0.091818,0,-0.90818,1,0.16666,0.075,0.025,0.089344
95.371,0.02,0.001047,1,0,0.091818,0,-0.90818,1,0.16691,0.075,0.025,0.089088
95.397,0.02,0.001047,1,0,0.091818,0,-0.90818,1,0.16717,0.075,0.025,0.088832
95.423,0.02,0.001047,1,0,0.091818,0,-0.90818,1,0.16742,0.075,0.025,0.088576
95.449,0.02,0.001047,1,0,0.091818,0,-0.90818,1,0.16768,0.075,0.025,0.08832
95.475,0.02,0.001047,1,0,0.091818,0,-0.90818,1,0.16794,0.075,0.025,0.088064
95.501,0.02,0.001047,1,0,0.091818,0,-0.90818,1,0.16819,0.075,0.025,0.087808
95.527,0.02,0.001047,1,0,0.091818,0,-0.90818,1,0.16845,0.075,0.025,0.087552
95.553,0.02,0.001047,1,0,0.091818,0,-0.90818,1,0.1687,0.075,0.025,0.087296
95.579,0.02,0.001047,1,0,0.091818,0,-0.90818,1,0.16896,0.075,0.025,0.08704
95.605,0.02,0.001047,1,0,0.091818,0,-0.90818,1,0.16922,0.075,0.025,0.086784
95.631,0.02,0.001047,1,0,0.091818,0,-0.90818,1,0.16947,0.075,0.025,0.086528
95.657,0.02,0.001047,1,0,0.091818,0,-0.90818,1,0.16973,0.075,0.025,0.086272
95.683,0.02,0.001047,1,0,0.091818,0,-0.90818,1,0.16998,0.075,0.025,0.086016
95.709,0.02,0.001047,1,0,0.091818,0,-0.90818,1,0.17024,0.075,0.025,0.08576
95.735,0.02,0.001047,1,0,0.091818,0,-0.90818,1,0.1705,0.075,0.025,0.085504
95.761,0.02,0.001047,1,0,0.091818,0,-0.90818,1,0.17075,0.075,0.025,0.085248
95.787,0.02,0.001047,1,0,0.091818,0,-0.90818,1,0.17101,0.075,0.025,0.084992
95.813,0.02,0.001047,1,0,0.091818,0,-0.90818,1,0.17126,0.075,0.025,0.084736
95.839,0.02,0.001047,1,0,0.091818,0,-0.90818,1,0.17152,0.075,0.025,0.08448
95.865,0.02,0.001047,1,0,0.091818,0,-0.90818,1,0.17178,0.075,0.025,0.084224
95.891,0.02,0.001047,1,0,0.091818,0,-0.90818,1,0.17203,0.075,0.025,0.083968
95.917,0.02,0.001047,1,0,0.091818,0,-0.90818,1,0.17229,0.075,0.025,0.083712
95.943,0.02,0.001047,1,0,0.091818,0,-0.90818,1,0.17254,0.075,0.025,0.083456
95.969,0.02,0.001047,1,0,0.091818,0,-0.90818,1,0.1728,0.075,0.025,0.0832
95.996,0.02,0.001047,1,0,0.091818,0,-0.90818,1,0.17306,0.075,0.025,0.082944
96.022,0.02,0.001047,1,0,0.091818,0,-0.90818,1,0.17331,0.075,0.025,0.082688
96.048,0.02,0.001047,1,0,0.091818,0,-0.90818,1,0.17357,0.075,0.025,0.082432
96.074,0.02,0.001047,1,0,0.091818,0,-0.90818,1,0.17382,0.075,0.025,0.082176
96.1,0.02,0.001047,1,0,0.091818,0,-0.90818,1,0.17408,0.075,0.025,0.08192
96.12,0.02,0.001047,1,0,0.091818,0,-0.90818,1,0.17434,0.075,0.025,0.081664
96.141,0.02,0.001047,1,0,0.091818,0,-0.90818,1,0.17459,0.075,0.025,0.081408
96.161,0.02,0.001047,1,0,0.091818,0,-0.90818,1,0.17485,0.075,0.025,0.081152
96.182,0.02,0.001047,1,0,0.091818,0,-0.90818,1,0.1751,0.075,0.025,0.080896
96.202,0.02,0.001047,1,0,0.091818,0,-0.90818,1,0.17536,0.075,0.025,0.08064
96.223,0.02,0.001047,1,0,0.091818,0,-0.90818,1,0.17562,0.075,0.025,0.080384
96.243,0.02,0.001047,1,0,0.091818,0,-0.90818,1,0.17587,0.075,0.025,0.080128
96.264,0.02,0.001047,1,0,0.091818,0,-0.90818,1,0.17613,0.075,0.025,0.079872
96.284,0.02,0.001047,1,0,0.091818,0,-0.90818,1,0.17638,0.075,0.025,0.079616
96.305,0.02,0.001047,1,0,0.091818,0,-0.90818,1,0.17664,0.075,0.025,0.07936
96.325,0.02,0.001047,1,0,0.091818,0,-0.90818,1,0.1769,0.075,0.025,0.079104
96.346,0.02,0.001047,1,0,0.091818,0,-0.90818,1,0.17715,0.075,0.025,0.078848
96.366,0.02,0.001047,1,0,0.091818,0,-0.90818,1,0.17741,0.075,0.025,0.078592
96.387,0.02,0.001047,1,0,0.091818,0,-0.90818,1,0.17766,0.075,0.025,0.078336
96.407,0.02,0.001047,1,0,0.091818,0,-0.90818,1,0.17792,0.075,0.025,0.07808
96.428,0.02,0.001047,1,0,0.091818,0,-0.90818,1,0.17818,0.075,0.025,0.077824
96.448,0.02,0.001047,1,0,0.091818,0,-0.90818,1,0.17843,0.075,0.025,0.077568
96.469,0.02,0.001047,1,0,0.091818,0,-0.90818,1,0.17869,0.075,0.025,0.077312
96.489,0.02,0.001047,1,0,0.091818,0,-0.90818,1,0.17894,0.075,0.025,0.077056
96.51,0.02,0.001047,1,0,0.091818,0,-0.90818,1,0.1792,0.075,0.025,0.0768
96.53,0.02,0.001047,1,0,0.091818,0,-0.90818,1,0.17946,0.075,0.025,0.076544
96.551,0.02,0.001047,1,0,0.091818,0,-0.90818,1,0.17971,0.075,0.025,0.076288
96.571,0.02,0.001047,1,0,0.091818,0,-0.90818,1,0.17997,0.075,0.025,0.076032
96.592,0.02,0.001047,1,0,0.091818,0,-0.90818,1,0.18022,0.075,0.025,0.075776
96.612,0.02,0.001047,1,0,0.091818,0,-0.90818,1,0.18048,0.075,0.025,0.07552
96.633,0.02,0.001047,1,0,0.091818,0,-0.90818,1,0.18074,0.075,0.025,0.075264
96.653,0.02,0.001047,1,0,0.091818,0,-0.90818,1,0.18099,0.075,0.025,0.075008
96.674,0.02,0.001047,1,0,0.091818,0,-0.90818,1,0.18125,0.075,0.025,0.074752
96.694,0.02,0.001047,1,0,0.091818,0,-0.90818,1,0.1815,0.075,0.025,0.074496
96.715,0.02,0.001047,1,0,0.091818,0,-0.90818,1,0.18176,0.075,0.025,0.07424
96.735,0.02,0.001047,1,0,0.091818,0,-0.90818,1,0.18202,0.075,0.025,0.073984
96.756,0.02,0.001047,1,0,0.091818,0,-0.90818,1,0.18227,0.075,0.025,0.073728
96.776,0.02,0.001047,1,0,0.091818,0,-0.90818,1,0.18253,0.075,0.025,0.073472
96.797,0.02,0.001047,1,0,0.091818,0,-0.90818,1,0.18278,0.075,0.025,0.073216
96.817,0.02,0.001047,1,0,0.091818,0,-0.90818,1,0.18304,0.075,0.025,0.07296
96.838,0.02,0.001047,1,0,0.091818,0,-0.90818,1,0.1833,0.075,0.025,0.072704
96.858,0.02,0.001047,1,0,0.091818,0,-0.90818,1,0.18355,0.075,0.025,0.072448
96.879,0.02,0.001047,1,0,0.091818,0,-0.90818,1,0.18381,0.075,0.025,0.072192
96.899,0.02,0.001047,1,0,0.091818,0,-0.90818,1,0.18406,0.075,0.025,0.071936
96.92,0.02,0.001047,1,0,0.091818,0,-0.90818,1,0.18432,0.075,0.025,0.07168
96.936,0.02,0.001047,1,0,0.091818,0,-0.90818,1,0.18458,0.075,0.025,0.071424
96.952,0.02,0.001047,1,0,0.091818,0,-0.90818,1,0.18483,0.075,0.025,0.071168
96.968,0.02,0.001047,1,0,0.091818,0,-0.90818,1,0.18509,0.075,0.025,0.070912
96.984,0.02,0.001047,1,0,0.091818,0,-0.90818,1,0.18534,0.075,0.025,0.070656
97,0.02,0.001047,1,0,0.091818,0,-0.90818,1,0.1856,0.075,0.025,0.0704
97.017,0.02,0.001047,1,0,0.091818,0,-0.90818,1,0.18586,0.075,0.025,0.070144
97.033,0.02,0.001047,1,0,0.091818,0,-0.90818,1,0.18611,0.075,0.025,0.069888
97.049,0.02,0.001047,1,0,0.091818,0,-0.90818,1,0.18637,0.075,0.025,0.069632
97.065,0.02,0.001047,1,0,0.091818,0,-0.90818,1,0.18662,0.075,0.025,0.069376
97.081,0.02,0.001047,1,0,0.091818,0,-0.90818,1,0.18688,0.075,0.025,0.06912
97.097,0.02,0.001047,1,0,0.091818,0,-0.90818,1,0.18714,0.075,0.025,0.068864
97.113,0.02,0.001047,1,0,0.091818,0,-0.90818,1,0.18739,0.075,0.025,0.068608
97.129,0.02,0.001047,1,0,0.091818,0,-0.90818,1,0.18765,0.075,0.025,0.068352
97.145,0.02,0.001047,1,0,0.091818,0,-0.90818,1,0.1879,0.075,0.025,0.068096
97.161,0.02,0.001047,1,0,0.091818,0,-0.90818,1,0.18816,0.075,0.025,0.06784
97.177,0.02,0.001047,1,0,0.091818,0,-0.90818,1,0.18842,0.075,0.025,0.067584
97.194,0.02,0.001047,1,0,0.091818,0,-0.90818,1,0.18867,0.075,0.025,0.067328
97.21,0.02,0.001047,1,0,0.091818,0,-0.90818,1,0.18893,0.075,0.025,0.067072
97.226,0.02,0.001047,1,0,0.091818,0,-0.90818,1,0.18918,0.075,0.025,0.066816
97.242,0.02,0.001047,1,0,0.091818,0,-0.90818,1,0.18944,0.075,0.025,0.06656
97.258,0.02,0.001047,1,0,0.091818,0,-0.90818,1,0.1897,0.075,0.025,0.066304
97.274,0.02,0.001047,1,0,0.091818,0,-0.90818,1,0.18995,0.075,0.025,0.066048
97.29,0.02,0.001047,1,0,0.091818,0,-0.90818,1,0.19021,0.075,0.025,0.065792
97.306,0.02,0.001047,1,0,0.091818,0,-0.90818,1,0.19046,0.075,0.025,0.065536
97.322,0.02,0.001047,1,0,0.091818,0,-0.90818,1,0.19072,0.075,0.025,0.06528
97.338,0.02,0.001047,1,0,0.091818,0,-0.90818,1,0.19098,0.075,0.025,0.065024
97.354,0.02,0.001047,1,0,0.091818,0,-0.90818,1,0.19123,0.075,0.025,0.064768
97.371,0.02,0.001047,1,0,0.091818,0,-0.90818,1,0.19149,0.075,0.025,0.064512
97.387,0.02,0.001047,1,0,0.091818,0,-0.90818,1,0.19174,0.075,0.025,0.064256
97.403,0.02,0.001047,1,0,0.091818,0,-0.90818,1,0.192,0.075,0.025,0.064
97.419,0.02,0.001047,1,0,0.091818,0,-0.90818,1,0.19226,0.075,0.025,0.063744
97.435,0.02,0.001047,1,0,0.091818,0,-0.90818,1,0.19251,0.075,0.025,0.063488
97.451,0.02,0.001047,1,0,0.091818,0,-0.90818,1,0.19277,0.075,0.025,0.063232
97.467,0.02,0.001047,1,0,0.091818,0,-0.90818,1,0.19302,0.075,0.025,0.062976
97.483,0.02,0.001047,1,0,0.091818,0,-0.90818,1,0.19328,0.075,0.025,0.06272
97.499,0.02,0.001047,1,0,0.091818,0,-0.90818,1,0.19354,0.075,0.025,0.062464
97.515,0.02,0.001047,1,0,0.091818,0,-0.90818,1,0.19379,0.075,0.025,0.062208
97.531,0.02,0.001047,1,0,0.091818,0,-0.90818,1,0.19405,0.075,0.025,0.061952
97.548,0.02,0.001047,1,0,0.091818,0,-0.90818,1,0.1943,0.075,0.025,0.061696
97.564,0.02,0.001047,1,0,0.091818,0,-0.90818,1,0.19456,0.075,0.025,0.06144
97.576,0.02,0.001047,1,0,0.091818,0,-0.90818,1,0.19482,0.075,0.025,0.061184
97.589,0.02,0.001047,1,0,0.091818,0,-0.90818,1,0.19507,0.075,0.025,0.060928
97.601,0.02,0.001047,1,0,0.091818,0,-0.90818,1,0.19533,0.075,0.025,0.060672
97.614,0.02,0.001047,1,0,0.091818,0,-0.90818,1,0.19558,0.075,0.025,0.060416
97.626,0.02,0.001047,1,0,0.091818,0,-0.90818,1,0.19584,0.075,0.025,0.06016
97.639,0.02,0.001047,1,0,0.091818,0,-0.90818,1,0.1961,0.075,0.025,0.059904
97.651,0.02,0.001047,1,0,0.091818,0,-0.90818,1,0.19635,0.075,0.025,0.059648
97.664,0.02,0.001047,1,0,0.091818,0,-0.90818,1,0.19661,0.075,0.025,0.059392
97.676,0.02,0.001047,1,0,0.091818,0,-0.90818,1,0.19686,0.075,0.025,0.059136
97.689,0.02,0.001047,1,0,0.091818,0,-0.90818,1,0.19712,0.075,0.025,0.05888
97.701,0.02,0.001047,1,0,0.091818,0,-0.90818,1,0.19738,0.075,0.025,0.058624
97.714,0.02,0.001047,1,0,0.091818,0,-0.90818,1,0.19763,0.075,0.025,0.058368
97.727,0.02,0.001047,1,0,0.091818,0,-0.90818,1,0.19789,0.075,0.025,0.058112
97.739,0.02,0.001047,1,0,0.091818,0,-0.90818,1,0.19814,0.075,0.025,0.057856
97.752,0.02,0.001047,1,0,0.091818,0,-0.90818,1,0.1984,0.075,0.025,0.0576
97.764,0.02,0.001047,1,0,0.091818,0,-0.90818,1,0.19866,0.075,0.025,0.057344
97.777,0.02,0.001047,1,0,0.091818,0,-0.90818,1,0.19891,0.075,0.025,0.057088
97.789,0.02,0.001047,1,0,0.091818,0,-0.90818,1,0.19917,0.075,0.025,0.056832
97.802,0.02,0.001047,1,0,0.091818,0,-0.90818,1,0.19942,0.075,0.025,0.056576
97.814,0.02,0.001047,1,0,0.091818,0,-0.90818,1,0.19968,0.075,0.025,0.05632
97.827,0.02,0.001047,1,0,0.091818,0,-0.90818,1,0.19994,0.075,0.025,0.056064
97.839,0.02,0.001047,1,0,0.091818,0,-0.90818,1,0.20019,0.075,0.025,0.055808
97.852,0.02,0.001047,1,0,0.091818,0,-0.90818,1,0.20045,0.075,0.025,0.055552
97.864,0.02,0.001047,1,0,0.091818,0,-0.90818,1,0.2007,0.075,0.025,0.055296
97.877,0.02,0.001047,1,0,0.091818,0,-0.90818,1,0.20096,0.075,0.025,0.05504
97.889,0.02,0.001047,1,0,0.091818,0,-0.90818,1,0.20122,0.075,0.025,0.054784
97.902,0.02,0.001047,1,0,0.091818,0,-0.90818,1,0.20147,0.075,0.025,0.054528
97.914,0.02,0.001047,1,0,0.091818,0,-0.90818,1,0.20173,0.075,0.025,0.054272
97.927,0.02,0.001047,1,0,0.091818,0,-0.90818,1,0.20198,0.075,0.025,0.054016
97.939,0.02,0.001047,1,0,0.091818,0,-0.90818,1,0.20224,0.075,0.025,0.05376
97.952,0.02,0.001047,1,0,0.091818,0,-0.90818,1,0.2025,0.075,0.025,0.053504
97.965,0.02,0.001047,1,0,0.091818,0,-0.90818,1,0.20275,0.075,0.025,0.053248
97.977,0.02,0.001047,1,0,0.091818,0,-0.90818,1,0.20301,0.075,0.025,0.052992
97.99,0.02,0.001047,1,0,0.091818,0,-0.90818,1,0.20326,0.075,0.025,0.052736
98.002,0.02,0.001047,1,0,0.091818,0,-0.90818,1,0.20352,0.075,0.025,0.05248
98.015,0.02,0.001047,1,0,0.091818,0,-0.90818,1,0.20378,0.075,0.025,0.052224
98.027,0.02,0.001047,1,0,0.091818,0,-0.90818,1,0.20403,0.075,0.025,0.051968
98.04,0.02,0.001047,1,0,0.091818,0,-0.90818,1,0.20429,0.075,0.025,0.051712
98.052,0.02,0.001047,1,0,0.091818,0,-0.90818,1,0.20454,0.075,0.025,0.051456
98.065,0.02,0.001047,1,0,0.091818,0,-0.90818,1,0.2048,0.075,0.025,0.0512
98.074,0.02,0.001047,1,0,0.091818,0,-0.90818,1,0.20506,0.075,0.025,0.050944
98.084,0.02,0.001047,1,0,0.091818,0,-0.90818,1,0.20531,0.075,0.025,0.050688
98.094,0.02,0.001047,1,0,0.091818,0,-0.90818,1,0.20557,0.075,0.025,0.050432
98.103,0.02,0.001047,1,0,0.091818,0,-0.90818,1,0.20582,0.075,0.025,0.050176
98.113,0.02,0.001047,1,0,0.091818,0,-0.90818,1,0.20608,0.075,0.025,0.04992
98.122,0.02,0.001047,1,0,0.091818,0,-0.90818,1,0.20634,0.075,0.025,0.049664
98.132,0.02,0.001047,1,0,0.091818,0,-0.90818,1,0.20659,0.075,0.025,0.049408
98.142,0.02,0.001047,1,0,0.091818,0,-0.90818,1,0.20685,0.075,0.025,0.049152
98.151,0.02,0.001047,1,0,0.091818,0,-0.90818,1,0.2071,0.075,0.025,0.048896
98.161,0.02,0.001047,1,0,0.091818,0,-0.90818,1,0.20736,0.075,0.025,0.04864
98.17,0.02,0.001047,1,0,0.091818,0,-0.90818,1,0.20762,0.075,0.025,0.048384
98.18,0.02,0.001047,1,0,0.091818,0,-0.90818,1,0.20787,0.075,0.025,0.048128
98.19,0.02,0.001047,1,0,0.091818,0,-0.90818,1,0.20813,0.075,0.025,0.047872
98.199,0.02,0.001047,1,0,0.091818,0,-0.90818,1,0.20838,0.075,0.025,0.047616
98.209,0.02,0.001047,1,0,0.091818,0,-0.90818,1,0.20864,0.075,0.025,0.04736
98.219,0.02,0.001047,1,0,0.091818,0,-0.90818,1,0.2089,0.075,0.025,0.047104
98.228,0.02,0.001047,1,0,0.091818,0,-0.90818,1,0.20915,0.075,0.025,0.046848
98.238,0.02,0.001047,1,0,0.091818,0,-0.90818,1,0.20941,0.075,0.025,0.046592
98.247,0.02,0.001047,1,0,0.091818,0,-0.90818,1,0.20966,0.075,0.025,0.046336
98.257,0.02,0.001047,1,0,0.091818,0,-0.90818,1,0.20992,0.075,0.025,0.04608
98.267,0.02,0.001047,1,0,0.091818,0,-0.90818,1,0.21018,0.075,0.025,0.045824
98.276,0.02,0.001047,1,0,0.091818,0,-0.90818,1,0.21043,0.075,0.025,0.045568
98.286,0.02,0.001047,1,0,0.091818,0,-0.90818,1,0.21069,0.075,0.025,0.045312
98.295,0.02,0.001047,1,0,0.091818,0,-0.90818,1,0.21094,0.075,0.025,0.045056
98.305,0.02,0.001047,1,0,0.091818,0,-0.90818,1,0.2112,0.075,0.025,0.0448
98.315,0.02,0.001047,1,0,0.091818,0,-0.90818,1,0.21146,0.075,0.025,0.044544
98.324,0.02,0.001047,1,0,0.091818,0,-0.90818,1,0.21171,0.075,0.025,0.044288
98.334,0.02,0.001047,1,0,0.091818,0,-0.90818,1,0.21197,0.075,0.025,0.044032
98.343,0.02,0.001047,1,0,0.091818,0,-0.90818,1,0.21222,0.075,0.025,0.043776
98.353,0.02,0.001047,1,0,0.091818,0,-0.90818,1,0.21248,0.075,0.025,0.04352
98.363,0.02,0.001047,1,0,0.091818,0,-0.90818,1,0.21274,0.075,0.025,0.043264
98.372,0.02,0.001047,1,0,0.091818,0,-0.90818,1,0.21299,0.075,0.025,0.043008
98.382,0.02,0.001047,1,0,0.091818,0,-0.90818,1,0.21325,0.075,0.025,0.042752
98.391,0.02,0.001047,1,0,0.091818,0,-0.90818,1,0.2135,0.075,0.025,0.042496
98.401,0.02,0.001047,1,0,0.091818,0,-0.90818,1,0.21376,0.075,0.025,0.04224
98.411,0.02,0.001047,1,0,0.091818,0,-0.90818,1,0.21402,0.075,0.025,0.041984
98.42,0.02,0.001047,1,0,0.091818,0,-0.90818,1,0.21427,0.075,0.025,0.041728
98.43,0.02,0.001047,1,0,0.091818,0,-0.90818,1,0.21453,0.075,0.025,0.041472
98.44,0.02,0.001047,1,0,0.091818,0,-0.90818,1,0.21478,0.075,0.025,0.041216
98.449,0.02,0.001047,1,0,0.091818,0,-0.90818,1,0.21504,0.075,0.025,0.04096
98.456,0.02,0.001047,1,0,0.091818,0,-0.90818,1,0.2153,0.075,0.025,0.040704
98.463,0.02,0.001047,1,0,0.091818,0,-0.90818,1,0.21555,0.075,0.025,0.040448
98.471,0.02,0.001047,1,0,0.091818,0,-0.90818,1,0.21581,0.075,0.025,0.040192
98.478,0.02,0.001047,1,0,0.091818,0,-0.90818,1,0.21606,0.075,0.025,0.039936
98.485,0.02,0.001047,1,0,0.091818,0,-0.90818,1,0.21632,0.075,0.025,0.03968
98.492,0.02,0.001047,1,0,0.091818,0,-0.90818,1,0.21658,0.075,0.025,0.039424
98.499,0.02,0.001047,1,0,0.091818,0,-0.90818,1,0.21683,0.075,0.025,0.039168
98.506,0.02,0.001047,1,0,0.091818,0,-0.90818,1,0.21709,0.075,0.025,0.038912
98.513,0.02,0.001047,1,0,0.091818,0,-0.90818,1,0.21734,0.075,0.025,0.038656
98.521,0.02,0.001047,1,0,0.091818,0,-0.90818,1,0.2176,0.075,0.025,0.0384
98.528,0.02,0.001047,1,0,0.091818,0,-0.90818,1,0.21786,0.075,0.025,0.038144
98.535,0.02,0.001047,1,0,0.091818,0,-0.90818,1,0.21811,0.075,0.025,0.037888
98.542,0.02,0.001047,1,0,0.091818,0,-0.90818,1,0.21837,0.075,0.025,0.037632
98.549,0.02,0.001047,1,0,0.091818,0,-0.90818,1,0.21862,0.075,0.025,0.037376
98.556,0.02,0.001047,1,0,0.091818,0,-0.90818,1,0.21888,0.075,0.025,0.03712
98.564,0.02,0.001047,1,0,0.091818,0,-0.90818,1,0.21914,0.075,0.025,0.036864
98.571,0.02,0.001047,1,0,0.091818,0,-0.90818,1,0.21939,0.075,0.025,0.036608
98.578,0.02,0.001047,1,0,0.091818,0,-0.90818,1,0.21965,0.075,0.025,0.036352
98.585,0.02,0.001047,1,0,0.091818,0,-0.90818,1,0.2199,0.075,0.025,0.036096
98.592,0.02,0.001047,1,0,0.091818,0,-0.90818,1,0.22016,0.075,0.025,0.03584
98.599,0.02,0.001047,1,0,0.091818,0,-0.90818,1,0.22042,0.075,0.025,0.035584
98.606,0.02,0.001047,1,0,0.091818,0,-0.90818,1,0.22067,0.075,0.025,0.035328
98.614,0.02,0.001047,1,0,0.091818,0,-0.90818,1,0.22093,0.075,0.025,0.035072
98.621,0.02,0.001047,1,0,0.091818,0,-0.90818,1,0.22118,0.075,0.025,0.034816
98.628,0.02,0.001047,1,0,0.091818,0,-0.90818,1,0.22144,0.075,0.025,0.03456
98.635,0.02,0.001047,1,0,0.091818,0,-0.90818,1,0.2217,0.075,0.025,0.034304
98.642,0.02,0.001047,1,0,0.091818,0,-0.90818,1,0.22195,0.075,0.025,0.034048
98.649,0.02,0.001047,1,0,0.091818,0,-0.90818,1,0.22221,0.075,0.025,0.033792
98.656,0.02,0.001047,1,0,0.091818,0,-0.90818,1,0.22246,0.075,0.025,0.033536
98.664,0.02,0.001047,1,0,0.091818,0,-0.90818,1,0.22272,0.075,0.025,0.03328
98.671,0.02,0.001047,1,0,0.091818,0,-0.90818,1,0.22298,0.075,0.025,0.033024
98.678,0.02,0.001047,1,0,0.091818,0,-0.90818,1,0.22323,0.075,0.025,0.032768
98.685,0.02,0.001047,1,0,0.091818,0,-0.90818,1,0.22349,0.075,0.025,0.032512
98.692,0.02,0.001047,1,0,0.091818,0,-0.90818,1,0.22374,0.075,0.025,0.032256
98.699,0.02,0.001047,1,0,0.091818,0,-0.90818,1,0.224,0.075,0.025,0.032
98.706,0.02,0.001047,1,0,0.091818,0,-0.90818,1,0.22426,0.075,0.025,0.031744
98.714,0.02,0.001047,1,0,0.091818,0,-0.90818,1,0.22451,0.075,0.025,0.031488
98.721,0.02,0.001047,1,0,0.091818,0,-0.90818,1,0.22477,0.075,0.025,0.031232
98.728,0.02,0.001047,1,0,0.091818,0,-0.90818,1,0.22502,0.075,0.025,0.030976
98.735,0.02,0.001047,1,0,0.091818,0,-0.90818,1,0.22528,0.075,0.025,0.03072
98.74,0.02,0.001047,1,0,0.091818,0,-0.90818,1,0.22554,0.075,0.025,0.030464
98.745,0.02,0.001047,1,0,0.091818,0,-0.90818,1,0.22579,0.075,0.025,0.030208
98.75,0.02,0.001047,1,0,0.091818,0,-0.90818,1,0.22605,0.075,0.025,0.029952
98.755,0.02,0.001047,1,0,0.091818,0,-0.90818,1,0.2263,0.075,0.025,0.029696
98.76,0.02,0.001047,1,0,0.091818,0,-0.90818,1,0.22656,0.075,0.025,0.02944
98.765,0.02,0.001047,1,0,0.091818,0,-0.90818,1,0.22682,0.075,0.025,0.029184
98.77,0.02,0.001047,1,0,0.091818,0,-0.90818,1,0.22707,0.075,0.025,0.028928
98.775,0.02,0.001047,1,0,0.091818,0,-0.90818,1,0.22733,0.075,0.025,0.028672
98.78,0.02,0.001047,1,0,0.091818,0,-0.90818,1,0.22758,0.075,0.025,0.028416
98.785,0.02,0.001047,1,0,0.091818,0,-0.90818,1,0.22784,0.075,0.025,0.02816
98.79,0.02,0.001047,1,0,0.091818,0,-0.90818,1,0.2281,0.075,0.025,0.027904
98.795,0.02,0.001047,1,0,0.091818,0,-0.90818,1,0.22835,0.075,0.025,0.027648
98.8,0.02,0.001047,1,0,0.091818,0,-0.90818,1,0.22861,0.075,0.025,0.027392
98.805,0.02,0.001047,1,0,0.091818,0,-0.90818,1,0.22886,0.075,0.025,0.027136
98.81,0.02,0.001047,1,0,0.091818,0,-0.90818,1,0.22912,0.075,0.025,0.02688
98.815,0.02,0.001047,1,0,0.091818,0,-0.90818,1,0.22938,0.075,0.025,0.026624
98.82,0.02,0.001047,1,0,0.091818,0,-0.90818,1,0.22963,0.075,0.025,0.026368
98.825,0.02,0.001047,1,0,0.091818,0,-0.90818,1,0.22989,0.075,0.025,0.026112
98.83,0.02,0.001047,1,0,0.091818,0,-0.90818,1,0.23014,0.075,0.025,0.025856
98.835,0.02,0.001047,1,0,0.091818,0,-0.90818,1,0.2304,0.075,0.025,0.0256
98.84,0.02,0.001047,1,0,0.091818,0,-0.90818,1,0.23066,0.075,0.025,0.025344
98.845,0.02,0.001047,1,0,0.091818,0,-0.90818,1,0.23091,0.075,0.025,0.025088
98.85,0.02,0.001047,1,0,0.091818,0,-0.90818,1,0.23117,0.075,0.025,0.024832
98.855,0.02,0.001047,1,0,0.091818,0,-0.90818,1,0.23142,0.075,0.025,0.024576
98.86,0.02,0.001047,1,0,0.091818,0,-0.90818,1,0.23168,0.075,0.025,0.02432
98.865,0.02,0.001047,1,0,0.091818,0,-0.90818,1,0.23194,0.075,0.025,0.024064
98.87,0.02,0.001047,1,0,0.091818,0,-0.90818,1,0.23219,0.075,0.025,0.023808
98.875,0.02,0.001047,1,0,0.091818,0,-0.90818,1,0.23245,0.075,0.025,0.023552
98.88,0.02,0.001047,1,0,0.091818,0,-0.90818,1,0.2327,0.075,0.025,0.023296
98.885,0.02,0.001047,1,0,0.091818,0,-0.90818,1,0.23296,0.075,0.025,0.02304
98.89,0.02,0.001047,1,0,0.091818,0,-0.90818,1,0.23322,0.075,0.025,0.022784
98.895,0.02,0.001047,1,0,0.091818,0,-0.90818,1,0.23347,0.075,0.025,0.022528
98.9,0.02,0.001047,1,0,0.091818,0,-0.90818,1,0.23373,0.075,0.025,0.022272
98.905,0.02,0.001047,1,0,0.091818,0,-0.90818,1,0.23398,0.075,0.025,0.022016
98.91,0.02,0.001047,1,0,0.091818,0,-0.90818,1,0.23424,0.075,0.025,0.02176
98.915,0.02,0.001047,1,0,0.091818,0,-0.90818,1,0.2345,0.075,0.025,0.021504
98.92,0.02,0.001047,1,0,0.091818,0,-0.90818,1,0.23475,0.075,0.025,0.021248
98.925,0.02,0.001047,1,0,0.091818,0,-0.90818,1,0.23501,0.075,0.025,0.020992
98.93,0.02,0.001047,1,0,0.091818,0,-0.90818,1,0.23526,0.075,0.025,0.020736
98.935,0.02,0.001047,1,0,0.091818,0,-0.90818,1,0.23552,0.075,0.025,0.02048
98.938,0.02,0.001047,1,0,0.091818,0,-0.90818,1,0.23578,0.075,0.025,0.020224
98.941,0.02,0.001047,1,0,0.091818,0,-0.90818,1,0.23603,0.075,0.025,0.019968
98.944,0.02,0.001047,1,0,0.091818,0,-0.90818,1,0.23629,0.075,0.025,0.019712
98.947,0.02,0.001047,1,0,0.091818,0,-0.90818,1,0.23654,0.075,0.025,0.019456
98.95,0.02,0.001047,1,0,0.091818,0,-0.90818,1,0.2368,0.075,0.025,0.0192
98.953,0.02,0.001047,1,0,0.091818,0,-0.90818,1,0.23706,0.075,0.025,0.018944
98.956,0.02,0.001047,1,0,0.091818,0,-0.90818,1,0.23731,0.075,0.025,0.018688
98.959,0.02,0.001047,1,0,0.091818,0,-0.90818,1,0.23757,0.075,0.025,0.018432
98.962,0.02,0.001047,1,0,0.091818,0,-0.90818,1,0.23782,0.075,0.025,0.018176
98.965,0.02,0.001047,1,0,0.091818,0,-0.90818,1,0.23808,0.075,0.025,0.01792
98.968,0.02,0.001047,1,0,0.091818,0,-0.90818,1,0.23834,0.075,0.025,0.017664
98.971,0.02,0.001047,1,0,0.091818,0,-0.90818,1,0.23859,0.075,0.025,0.017408
98.974,0.02,0.001047,1,0,0.091818,0,-0.90818,1,0.23885,0.075,0.025,0.017152
98.977,0.02,0.001047,1,0,0.091818,0,-0.90818,1,0.2391,0.075,0.025,0.016896
98.98,0.02,0.001047,1,0,0.091818,0,-0.90818,1,0.23936,0.075,0.025,0.01664
98.983,0.02,0.001047,1,0,0.091818,0,-0.90818,1,0.23962,0.075,0.025,0.016384
98.986,0.02,0.001047,1,0,0.091818,0,-0.90818,1,0.23987,0.075,0.025,0.016128
98.989,0.02,0.001047,1,0,0.091818,0,-0.90818,1,0.24013,0.075,0.025,0.015872
98.992,0.02,0.001047,1,0,0.091818,0,-0.90818,1,0.24038,0.075,0.025,0.015616
98.995,0.02,0.001047,1,0,0.091818,0,-0.90818,1,0.24064,0.075,0.025,0.01536
98.998,0.02,0.001047,1,0,0.091818,0,-0.90818,1,0.2409,0.075,0.025,0.015104
99.001,0.02,0.001047,1,0,0.091818,0,-0.90818,1,0.24115,0.075,0.025,0.014848
99.004,0.02,0.001047,1,0,0.091818,0,-0.90818,1,0.24141,0.075,0.025,0.014592
99.007,0.02,0.001047,1,0,0.091818,0,-0.90818,1,0.24166,0.075,0.025,0.014336
99.01,0.02,0.001047,1,0,0.091818,0,-0.90818,1,0.24192,0.075,0.025,0.01408
99.013,0.02,0.001047,1,0,0.091818,0,-0.90818,1,0.24218,0.075,0.025,0.013824
99.016,0.02,0.001047,1,0,0.091818,0,-0.90818,1,0.24243,0.075,0.025,0.013568
99.019,0.02,0.001047,1,0,0.091818,0,-0.90818,1,0.24269,0.075,0.025,0.013312
99.022,0.02,0.001047,1,0,0.091818,0,-0.90818,1,0.24294,0.075,0.025,0.013056
99.025,0.02,0.001047,1,0,0.091818,0,-0.90818,1,0.2432,0.075,0.025,0.0128
99.028,0.02,0.001047,1,0,0.091818,0,-0.90818,1,0.24346,0.075,0.025,0.012544
99.031,0.02,0.001047,1,0,0.091818,0,-0.90818,1,0.24371,0.075,0.025,0.012288
99.034,0.02,0.001047,1,0,0.091818,0,-0.90818,1,0.24397,0.075,0.025,0.012032
99.037,0.02,0.001047,1,0,0.091818,0,-0.90818,1,0.24422,0.075,0.025,0.011776
99.04,0.02,0.001047,1,0,0.091818,0,-0.90818,1,0.24448,0.075,0.025,0.01152
99.043,0.02,0.001047,1,0,0.091818,0,-0.90818,1,0.24474,0.075,0.025,0.011264
99.046,0.02,0.001047,1,0,0.091818,0,-0.90818,1,0.24499,0.075,0.025,0.011008
99.049,0.02,0.001047,1,0,0.091818,0,-0.90818,1,0.24525,0.075,0.025,0.010752
99.052,0.02,0.001047,1,0,0.091818,0,-0.90818,1,0.2455,0.075,0.025,0.010496
99.055,0.02,0.001047,1,0,0.091818,0,-0.90818,1,0.24576,0.075,0.025,0.01024
99.057,0.02,0.001047,1,0,0.091818,0,-0.90818,1,0.24602,0.075,0.025,0.009984
99.059,0.02,0.001047,1,0,0.091818,0,-0.90818,1,0.24627,0.075,0.025,0.009728
99.061,0.02,0.001047,1,0,0.091818,0,-0.90818,1,0.24653,0.075,0.025,0.009472
99.062,0.02,0.001047,1,0,0.091818,0,-0.90818,1,0.24678,0.075,0.025,0.009216
99.064,0.02,0.001047,1,0,0.091818,0,-0.90818,1,0.24704,0.075,0.025,0.00896
99.066,0.02,0.001047,1,0,0.091818,0,-0.90818,1,0.2473,0.075,0.025,0.008704
99.067,0.02,0.001047,1,0,0.091818,0,-0.90818,1,0.24755,0.075,0.025,0.008448
99.069,0.02,0.001047,1,0,0.091818,0,-0.90818,1,0.24781,0.075,0.025,0.008192
99.071,0.02,0.001047,1,0,0.091818,0,-0.90818,1,0.24806,0.075,0.025,0.007936
99.073,0.02,0.001047,1,0,0.091818,0,-0.90818,1,0.24832,0.075,0.025,0.00768
99.074,0.02,0.001047,1,0,0.091818,0,-0.90818,1,0.24858,0.075,0.025,0.007424
99.076,0.02,0.001047,1,0,0.091818,0,-0.90818,1,0.24883,0.075,0.025,0.007168
99.078,0.02,0.001047,1,0,0.091818,0,-0.90818,1,0.24909,0.075,0.025,0.006912
99.08,0.02,0.001047,1,0,0.091818,0,-0.90818,1,0.24934,0.075,0.025,0.006656
99.081,0.02,0.001047,1,0,0.091818,0,-0.90818,1,0.2496,0.075,0.025,0.0064
99.083,0.02,0.001047,1,0,0.091818,0,-0.90818,1,0.24986,0.075,0.025,0.006144
99.085,0.02,0.001047,1,0,0.091818,0,-0.90818,1,0.25011,0.075,0.025,0.005888
99.086,0.02,0.001047,1,0,0.091818,0,-0.90818,1,0.25037,0.075,0.025,0.005632
99.088,0.02,0.001047,1,0,0.091818,0,-0.90818,1,0.25062,0.075,0.025,0.005376
99.09,0.02,0.001047,1,0,0.091818,0,-0.90818,1,0.25088,0.075,0.025,0.00512
99.092,0.02,0.001047,1,0,0.091818,0,-0.90818,1,0.25114,0.075,0.025,0.004864
99.093,0.02,0.001047,1,0,0.091818,0,-0.90818,1,0.25139,0.075,0.025,0.004608
99.095,0.02,0.001047,1,0,0.091818,0,-0.90818,1,0.25165,0.075,0.025,0.004352
99.097,0.02,0.001047,1,0,0.091818,0,-0.90818,1,0.2519,0.075,0.025,0.004096
99.098,0.02,0.001047,1,0,0.091818,0,-0.90818,1,0.25216,0.075,0.025,0.00384
99.1,0.02,0.001047,1,0,0.091818,0,-0.90818,1,0.25242,0.075,0.025,0.003584
99.102,0.02,0.001047,1,0,0.091818,0,-0.90818,1,0.25267,0.075,0.025,0.003328
99.104,0.02,0.001047,1,0,0.091818,0,-0.90818,1,0.25293,0.075,0.025,0.003072
99.105,0.02,0.001047,1,0,0.091818,0,-0.90818,1,0.25318,0.075,0.025,0.002816
99.107,0.02,0.001047,1,0,0.091818,0,-0.90818,1,0.25344,0.075,0.025,0.00256
99.109,0.02,0.001047,1,0,0.091818,0,-0.90818,1,0.2537,0.075,0.025,0.002304
99.11,0.02,0.001047,1,0,0.091818,0,-0.90818,1,0.25395,0.075,0.025,0.002048
99.112,0.02,0.001047,1,0,0.091818,0,-0.90818,1,0.25421,0.075,0.025,0.001792
99.114,0.02,0.001047,1,0,0.091818,0,-0.90818,1,0.25446,0.075,0.025,0.001536
99.116,0.02,0.001047,1,0,0.091818,0,-0.90818,1,0.25472,0.075,0.025,0.00128
99.117,0.02,0.001047,1,0,0.091818,0,-0.90818,1,0.25498,0.075,0.025,0.001024
99.119,0.02,0.001047,1,0,0.091818,0,-0.90818,1,0.25523,0.075,0.025,0.000768
99.121,0.02,0.001047,1,0,0.091818,0,-0.90818,1,0.25549,0.075,0.025,0.000512
99.122,0.02,0.001047,1,0,0.091818,0,-0.90818,1,0.25574,0.075,0.025,0.000256
99.124,0.02,0.001047,1,0,0.091818,0,-0.90818,1,0.256,0.075,0.025,0
