"Temperature","Rho 1","Rho 2","vtkValidPointMask","arc_length","Points:0","Points:1","Points:2"
0,1,1,1,0,0,0.05,0.125
3.7651e-05,1,1,1,0.00025,0.00025,0.05,0.125
7.5302e-05,1,1,1,0.0005,0.0005,0.05,0.125
0.00011295,1,1,1,0.00075,0.00075,0.05,0.125
0.0001506,1,1,1,0.001,0.001,0.05,0.125
0.00018826,1,1,1,0.00125,0.00125,0.05,0.125
0.00022591,1,1,1,0.0015,0.0015,0.05,0.125
0.00026356,1,1,1,0.00175,0.00175,0.05,0.125
0.00030121,1,1,1,0.002,0.002,0.05,0.125
0.00033886,1,1,1,0.00225,0.00225,0.05,0.125
0.00037651,1,1,1,0.0025,0.0025,0.05,0.125
0.00041416,1,1,1,0.00275,0.00275,0.05,0.125
0.00045181,1,1,1,0.003,0.003,0.05,0.125
0.00048947,1,1,1,0.00325,0.00325,0.05,0.125
0.00052712,1,1,1,0.0035,0.0035,0.05,0.125
0.00056477,1,1,1,0.00375,0.00375,0.05,0.125
0.00060242,1,1,1,0.004,0.004,0.05,0.125
0.00064007,1,1,1,0.00425,0.00425,0.05,0.125
0.00067772,1,1,1,0.0045,0.0045,0.05,0.125
0.00071537,1,1,1,0.00475,0.00475,0.05,0.125
0.00075302,1,1,1,0.005,0.005,0.05,0.125
0.00079458,1,1,1,0.00525,0.00525,0.05,0.125
0.00083613,1,1,1,0.0055,0.0055,0.05,0.125
0.00087769,1,1,1,0.00575,0.00575,0.05,0.125
0.00091924,1,1,1,0.006,0.006,0.05,0.125
0.0009608,1,1,1,0.00625,0.00625,0.05,0.125
0.0010024,1,1,1,0.0065,0.0065,0.05,0.125
0.0010439,1,1,1,0.00675,0.00675,0.05,0.125
0.0010855,1,1,1,0.007,0.007,0.05,0.125
0.001127,1,1,1,0.00725,0.00725,0.05,0.125
0.0011686,1,1,1,0.0075,0.0075,0.05,0.125
0.0012101,1,1,1,0.00775,0.00775,0.05,0.125
0.0012517,1,1,1,0.008,0.008,0.05,0.125
0.0012932,1,1,1,0.00825,0.00825,0.05,0.125
0.0013348,1,1,1,0.0085,0.0085,0.05,0.125
0.0013763,1,1,1,0.00875,0.00875,0.05,0.125
0.0014179,1,1,1,0.009,0.009,0.05,0.125
0.0014595,1,1,1,0.00925,0.00925,0.05,0.125
0.001501,1,1,1,0.0095,0.0095,0.05,0.125
0.0015426,1,1,1,0.00975,0.00975,0.05,0.125
0.0015841,1,1,1,0.01,0.01,0.05,0.125
0.00163,1,1,1,0.01025,0.01025,0.05,0.125
0.0016758,1,1,1,0.0105,0.0105,0.05,0.125
0.0017217,1,1,1,0.01075,0.01075,0.05,0.125
0.0017676,1,1,1,0.011,0.011,0.05,0.125
0.0018134,1,1,1,0.01125,0.01125,0.05,0.125
0.0018593,1,1,1,0.0115,0.0115,0.05,0.125
0.0019052,1,1,1,0.01175,0.01175,0.05,0.125
0.001951,1,1,1,0.012,0.012,0.05,0.125
0.0019969,1,1,1,0.01225,0.01225,0.05,0.125
0.0020427,1,1,1,0.0125,0.0125,0.05,0.125
0.0020886,1,1,1,0.01275,0.01275,0.05,0.125
0.0021345,1,1,1,0.013,0.013,0.05,0.125
0.0021803,1,1,1,0.01325,0.01325,0.05,0.125
0.0022262,1,1,1,0.0135,0.0135,0.05,0.125
0.0022721,1,1,1,0.01375,0.01375,0.05,0.125
0.0023179,1,1,1,0.014,0.014,0.05,0.125
0.0023638,1,1,1,0.01425,0.01425,0.05,0.125
0.0024096,1,1,1,0.0145,0.0145,0.05,0.125
0.0024555,1,1,1,0.01475,0.01475,0.05,0.125
0.0025014,1,1,1,0.015,0.015,0.05,0.125
0.002552,1,1,1,0.01525,0.01525,0.05,0.125
0.0026026,1,1,1,0.0155,0.0155,0.05,0.125
0.0026532,1,1,1,0.01575,0.01575,0.05,0.125
0.0027038,1,1,1,0.016,0.016,0.05,0.125
0.0027545,1,1,1,0.01625,0.01625,0.05,0.125
0.0028051,1,1,1,0.0165,0.0165,0.05,0.125
0.0028557,1,1,1,0.01675,0.01675,0.05,0.125
0.0029063,1,1,1,0.017,0.017,0.05,0.125
0.0029569,1,1,1,0.01725,0.01725,0.05,0.125
0.0030075,1,1,1,0.0175,0.0175,0.05,0.125
0.0030582,1,1,1,0.01775,0.01775,0.05,0.125
0.0031088,1,1,1,0.018,0.018,0.05,0.125
0.0031594,1,1,1,0.01825,0.01825,0.05,0.125
0.00321,1,1,1,0.0185,0.0185,0.05,0.125
0.0032606,1,1,1,0.01875,0.01875,0.05,0.125
0.0033112,1,1,1,0.019,0.019,0.05,0.125
0.0033619,1,1,1,0.01925,0.01925,0.05,0.125
0.0034125,1,1,1,0.0195,0.0195,0.05,0.125
0.0034631,1,1,1,0.01975,0.01975,0.05,0.125
0.0035137,1,1,1,0.02,0.02,0.05,0.125
0.0035696,1,1,1,0.02025,0.02025,0.05,0.125
0.0036254,1,1,1,0.0205,0.0205,0.05,0.125
0.0036813,1,1,1,0.02075,0.02075,0.05,0.125
0.0037372,1,1,1,0.021,0.021,0.05,0.125
0.003793,1,1,1,0.02125,0.02125,0.05,0.125
0.0038489,1,1,1,0.0215,0.0215,0.05,0.125
0.0039048,1,1,1,0.02175,0.02175,0.05,0.125
0.0039606,1,1,1,0.022,0.022,0.05,0.125
0.0040165,1,1,1,0.02225,0.02225,0.05,0.125
0.0040724,1,1,1,0.0225,0.0225,0.05,0.125
0.0041282,1,1,1,0.02275,0.02275,0.05,0.125
0.0041841,1,1,1,0.023,0.023,0.05,0.125
0.00424,1,1,1,0.02325,0.02325,0.05,0.125
0.0042958,1,1,1,0.0235,0.0235,0.05,0.125
0.0043517,1,1,1,0.02375,0.02375,0.05,0.125
0.0044076,1,1,1,0.024,0.024,0.05,0.125
0.0044634,1,1,1,0.02425,0.02425,0.05,0.125
0.0045193,1,1,1,0.0245,0.0245,0.05,0.125
0.0045751,1,1,1,0.02475,0.02475,0.05,0.125
0.004631,1,1,1,0.025,0.025,0.05,0.125
0.0046927,1,1,1,0.02525,0.02525,0.05,0.125
0.0047543,1,1,1,0.0255,0.0255,0.05,0.125
0.004816,1,1,1,0.02575,0.02575,0.05,0.125
0.0048776,1,1,1,0.026,0.026,0.05,0.125
0.0049393,1,1,1,0.02625,0.02625,0.05,0.125
0.005001,1,1,1,0.0265,0.0265,0.05,0.125
0.0050626,1,1,1,0.02675,0.02675,0.05,0.125
0.0051243,1,1,1,0.027,0.027,0.05,0.125
0.0051859,1,1,1,0.02725,0.02725,0.05,0.125
0.0052476,1,1,1,0.0275,0.0275,0.05,0.125
0.0053092,1,1,1,0.02775,0.02775,0.05,0.125
0.0053709,1,1,1,0.028,0.028,0.05,0.125
0.0054325,1,1,1,0.02825,0.02825,0.05,0.125
0.0054942,1,1,1,0.0285,0.0285,0.05,0.125
0.0055559,1,1,1,0.02875,0.02875,0.05,0.125
0.0056175,1,1,1,0.029,0.029,0.05,0.125
0.0056792,1,1,1,0.02925,0.02925,0.05,0.125
0.0057408,1,1,1,0.0295,0.0295,0.05,0.125
0.0058025,1,1,1,0.02975,0.02975,0.05,0.125
0.0058641,1,1,1,0.03,0.03,0.05,0.125
0.0059322,1,1,1,0.03025,0.03025,0.05,0.125
0.0060002,1,1,1,0.0305,0.0305,0.05,0.125
0.0060683,1,1,1,0.03075,0.03075,0.05,0.125
0.0061363,1,1,1,0.031,0.031,0.05,0.125
0.0062044,1,1,1,0.03125,0.03125,0.05,0.125
0.0062724,1,1,1,0.0315,0.0315,0.05,0.125
0.0063405,1,1,1,0.03175,0.03175,0.05,0.125
0.0064085,1,1,1,0.032,0.032,0.05,0.125
0.0064766,1,1,1,0.03225,0.03225,0.05,0.125
0.0065446,1,1,1,0.0325,0.0325,0.05,0.125
0.0066127,1,1,1,0.03275,0.03275,0.05,0.125
0.0066807,1,1,1,0.033,0.033,0.05,0.125
0.0067488,1,1,1,0.03325,0.03325,0.05,0.125
0.0068168,1,1,1,0.0335,0.0335,0.05,0.125
0.0068849,1,1,1,0.03375,0.03375,0.05,0.125
0.0069529,1,1,1,0.034,0.034,0.05,0.125
0.007021,1,1,1,0.03425,0.03425,0.05,0.125
0.007089,1,1,1,0.0345,0.0345,0.05,0.125
0.0071571,1,1,1,0.03475,0.03475,0.05,0.125
0.0072251,1,1,1,0.035,0.035,0.05,0.125
0.0073002,1,1,1,0.03525,0.03525,0.05,0.125
0.0073753,1,1,1,0.0355,0.0355,0.05,0.125
0.0074504,1,1,1,0.03575,0.03575,0.05,0.125
0.0075255,1,1,1,0.036,0.036,0.05,0.125
0.0076006,1,1,1,0.03625,0.03625,0.05,0.125
0.0076757,1,1,1,0.0365,0.0365,0.05,0.125
0.0077508,1,1,1,0.03675,0.03675,0.05,0.125
0.0078259,1,1,1,0.037,0.037,0.05,0.125
0.007901,1,1,1,0.03725,0.03725,0.05,0.125
0.0079761,1,1,1,0.0375,0.0375,0.05,0.125
0.0080512,1,1,1,0.03775,0.03775,0.05,0.125
0.0081263,1,1,1,0.038,0.038,0.05,0.125
0.0082015,1,1,1,0.03825,0.03825,0.05,0.125
0.0082766,1,1,1,0.0385,0.0385,0.05,0.125
0.0083517,1,1,1,0.03875,0.03875,0.05,0.125
0.0084268,1,1,1,0.039,0.039,0.05,0.125
0.0085019,1,1,1,0.03925,0.03925,0.05,0.125
0.008577,1,1,1,0.0395,0.0395,0.05,0.125
0.0086521,1,1,1,0.03975,0.03975,0.05,0.125
0.0087272,1,1,1,0.04,0.04,0.05,0.125
0.0088101,1,1,1,0.04025,0.04025,0.05,0.125
0.008893,1,1,1,0.0405,0.0405,0.05,0.125
0.0089758,1,1,1,0.04075,0.04075,0.05,0.125
0.0090587,1,1,1,0.041,0.041,0.05,0.125
0.0091416,1,1,1,0.04125,0.04125,0.05,0.125
0.0092245,1,1,1,0.0415,0.0415,0.05,0.125
0.0093074,1,1,1,0.04175,0.04175,0.05,0.125
0.0093903,1,1,1,0.042,0.042,0.05,0.125
0.0094732,1,1,1,0.04225,0.04225,0.05,0.125
0.0095561,1,1,1,0.0425,0.0425,0.05,0.125
0.009639,1,1,1,0.04275,0.04275,0.05,0.125
0.0097218,1,1,1,0.043,0.043,0.05,0.125
0.0098047,1,1,1,0.04325,0.04325,0.05,0.125
0.0098876,1,1,1,0.0435,0.0435,0.05,0.125
0.0099705,1,1,1,0.04375,0.04375,0.05,0.125
0.010053,1,1,1,0.044,0.044,0.05,0.125
0.010136,1,1,1,0.04425,0.04425,0.05,0.125
0.010219,1,1,1,0.0445,0.0445,0.05,0.125
0.010302,1,1,1,0.04475,0.04475,0.05,0.125
0.010385,1,1,1,0.045,0.045,0.05,0.125
0.010476,1,1,1,0.04525,0.04525,0.05,0.125
0.010568,1,1,1,0.0455,0.0455,0.05,0.125
0.010659,1,1,1,0.04575,0.04575,0.05,0.125
0.010751,1,1,1,0.046,0.046,0.05,0.125
0.010842,1,1,1,0.04625,0.04625,0.05,0.125
0.010934,1,1,1,0.0465,0.0465,0.05,0.125
0.011025,1,1,1,0.04675,0.04675,0.05,0.125
0.011117,1,1,1,0.047,0.047,0.05,0.125
0.011208,1,1,1,0.04725,0.04725,0.05,0.125
0.0113,1,1,1,0.0475,0.0475,0.05,0.125
0.011391,1,1,1,0.04775,0.04775,0.05,0.125
0.011483,1,1,1,0.048,0.048,0.05,0.125
0.011574,1,1,1,0.04825,0.04825,0.05,0.125
0.011666,1,1,1,0.0485,0.0485,0.05,0.125
0.011757,1,1,1,0.04875,0.04875,0.05,0.125
0.011849,1,1,1,0.049,0.049,0.05,0.125
0.01194,1,1,1,0.04925,0.04925,0.05,0.125
0.012032,1,1,1,0.0495,0.0495,0.05,0.125
0.012123,1,1,1,0.04975,0.04975,0.05,0.125
0.012215,1,1,1,0.05,0.05,0.05,0.125
0.012316,1,1,1,0.05025,0.05025,0.05,0.125
0.012417,1,1,1,0.0505,0.0505,0.05,0.125
0.012518,1,1,1,0.05075,0.05075,0.05,0.125
0.012618,1,1,1,0.051,0.051,0.05,0.125
0.012719,1,1,1,0.05125,0.05125,0.05,0.125
0.01282,1,1,1,0.0515,0.0515,0.05,0.125
0.012921,1,1,1,0.05175,0.05175,0.05,0.125
0.013022,1,1,1,0.052,0.052,0.05,0.125
0.013123,1,1,1,0.05225,0.05225,0.05,0.125
0.013224,1,1,1,0.0525,0.0525,0.05,0.125
0.013325,1,1,1,0.05275,0.05275,0.05,0.125
0.013426,1,1,1,0.053,0.053,0.05,0.125
0.013527,1,1,1,0.05325,0.05325,0.05,0.125
0.013628,1,1,1,0.0535,0.0535,0.05,0.125
0.013729,1,1,1,0.05375,0.05375,0.05,0.125
0.01383,1,1,1,0.054,0.054,0.05,0.125
0.013931,1,1,1,0.05425,0.05425,0.05,0.125
0.014032,1,1,1,0.0545,0.0545,0.05,0.125
0.014133,1,1,1,0.05475,0.05475,0.05,0.125
0.014234,1,1,1,0.055,0.055,0.05,0.125
0.014345,1,1,1,0.05525,0.05525,0.05,0.125
0.014457,1,1,1,0.0555,0.0555,0.05,0.125
0.014568,1,1,1,0.05575,0.05575,0.05,0.125
0.01468,1,1,1,0.056,0.056,0.05,0.125
0.014791,1,1,1,0.05625,0.05625,0.05,0.125
0.014903,1,1,1,0.0565,0.0565,0.05,0.125
0.015014,1,1,1,0.05675,0.05675,0.05,0.125
0.015125,1,1,1,0.057,0.057,0.05,0.125
0.015237,1,1,1,0.05725,0.05725,0.05,0.125
0.015348,1,1,1,0.0575,0.0575,0.05,0.125
0.01546,1,1,1,0.05775,0.05775,0.05,0.125
0.015571,1,1,1,0.058,0.058,0.05,0.125
0.015683,1,1,1,0.05825,0.05825,0.05,0.125
0.015794,1,1,1,0.0585,0.0585,0.05,0.125
0.015905,1,1,1,0.05875,0.05875,0.05,0.125
0.016017,1,1,1,0.059,0.059,0.05,0.125
0.016128,1,1,1,0.05925,0.05925,0.05,0.125
0.01624,1,1,1,0.0595,0.0595,0.05,0.125
0.016351,1,1,1,0.05975,0.05975,0.05,0.125
0.016463,1,1,1,0.06,0.06,0.05,0.125
0.016586,1,1,1,0.06025,0.06025,0.05,0.125
0.016709,1,1,1,0.0605,0.0605,0.05,0.125
0.016832,1,1,1,0.06075,0.06075,0.05,0.125
0.016955,1,1,1,0.061,0.061,0.05,0.125
0.017078,1,1,1,0.06125,0.06125,0.05,0.125
0.017201,1,1,1,0.0615,0.0615,0.05,0.125
0.017324,1,1,1,0.06175,0.06175,0.05,0.125
0.017447,1,1,1,0.062,0.062,0.05,0.125
0.01757,1,1,1,0.06225,0.06225,0.05,0.125
0.017692,1,1,1,0.0625,0.0625,0.05,0.125
0.017815,1,1,1,0.06275,0.06275,0.05,0.125
0.017938,1,1,1,0.063,0.063,0.05,0.125
0.018061,1,1,1,0.06325,0.06325,0.05,0.125
0.018184,1,1,1,0.0635,0.0635,0.05,0.125
0.018307,1,1,1,0.06375,0.06375,0.05,0.125
0.01843,1,1,1,0.064,0.064,0.05,0.125
0.018553,1,1,1,0.06425,0.06425,0.05,0.125
0.018676,1,1,1,0.0645,0.0645,0.05,0.125
0.018799,1,1,1,0.06475,0.06475,0.05,0.125
0.018922,1,1,1,0.065,0.065,0.05,0.125
0.019058,1,1,1,0.06525,0.06525,0.05,0.125
0.019194,1,1,1,0.0655,0.0655,0.05,0.125
0.01933,1,1,1,0.06575,0.06575,0.05,0.125
0.019465,1,1,1,0.066,0.066,0.05,0.125
0.019601,1,1,1,0.06625,0.06625,0.05,0.125
0.019737,1,1,1,0.0665,0.0665,0.05,0.125
0.019873,1,1,1,0.06675,0.06675,0.05,0.125
0.020008,1,1,1,0.067,0.067,0.05,0.125
0.020144,1,1,1,0.06725,0.06725,0.05,0.125
0.02028,1,1,1,0.0675,0.0675,0.05,0.125
0.020415,1,1,1,0.06775,0.06775,0.05,0.125
0.020551,1,1,1,0.068,0.068,0.05,0.125
0.020687,1,1,1,0.06825,0.06825,0.05,0.125
0.020823,1,1,1,0.0685,0.0685,0.05,0.125
0.020958,1,1,1,0.06875,0.06875,0.05,0.125
0.021094,1,1,1,0.069,0.069,0.05,0.125
0.02123,1,1,1,0.06925,0.06925,0.05,0.125
0.021366,1,1,1,0.0695,0.0695,0.05,0.125
0.021501,1,1,1,0.06975,0.06975,0.05,0.125
0.021637,1,1,1,0.07,0.07,0.05,0.125
0.021787,1,1,1,0.07025,0.07025,0.05,0.125
0.021937,1,1,1,0.0705,0.0705,0.05,0.125
0.022087,1,1,1,0.07075,0.07075,0.05,0.125
0.022236,1,1,1,0.071,0.071,0.05,0.125
0.022386,1,1,1,0.07125,0.07125,0.05,0.125
0.022536,1,1,1,0.0715,0.0715,0.05,0.125
0.022686,1,1,1,0.07175,0.07175,0.05,0.125
0.022836,1,1,1,0.072,0.072,0.05,0.125
0.022985,1,1,1,0.07225,0.07225,0.05,0.125
0.023135,1,1,1,0.0725,0.0725,0.05,0.125
0.023285,1,1,1,0.07275,0.07275,0.05,0.125
0.023435,1,1,1,0.073,0.073,0.05,0.125
0.023585,1,1,1,0.07325,0.07325,0.05,0.125
0.023734,1,1,1,0.0735,0.0735,0.05,0.125
0.023884,1,1,1,0.07375,0.07375,0.05,0.125
0.024034,1,1,1,0.074,0.074,0.05,0.125
0.024184,1,1,1,0.07425,0.07425,0.05,0.125
0.024334,1,1,1,0.0745,0.0745,0.05,0.125
0.024483,1,1,1,0.07475,0.07475,0.05,0.125
0.024633,1,1,1,0.075,0.075,0.05,0.125
0.024799,1,1,1,0.07525,0.07525,0.05,0.125
0.024964,1,1,1,0.0755,0.0755,0.05,0.125
0.025129,1,1,1,0.07575,0.07575,0.05,0.125
0.025295,1,1,1,0.076,0.076,0.05,0.125
0.02546,1,1,1,0.07625,0.07625,0.05,0.125
0.025625,1,1,1,0.0765,0.0765,0.05,0.125
0.025791,1,1,1,0.07675,0.07675,0.05,0.125
0.025956,1,1,1,0.077,0.077,0.05,0.125
0.026121,1,1,1,0.07725,0.07725,0.05,0.125
0.026287,1,1,1,0.0775,0.0775,0.05,0.125
0.026452,1,1,1,0.07775,0.07775,0.05,0.125
0.026617,1,1,1,0.078,0.078,0.05,0.125
0.026783,1,1,1,0.07825,0.07825,0.05,0.125
0.026948,1,1,1,0.0785,0.0785,0.05,0.125
0.027113,1,1,1,0.07875,0.07875,0.05,0.125
0.027279,1,1,1,0.079,0.079,0.05,0.125
0.027444,1,1,1,0.07925,0.07925,0.05,0.125
0.027609,1,1,1,0.0795,0.0795,0.05,0.125
0.027775,1,1,1,0.07975,0.07975,0.05,0.125
0.02794,1,1,1,0.08,0.08,0.05,0.125
0.028123,1,1,1,0.08025,0.08025,0.05,0.125
0.028305,1,1,1,0.0805,0.0805,0.05,0.125
0.028488,1,1,1,0.08075,0.08075,0.05,0.125
0.02867,1,1,1,0.081,0.081,0.05,0.125
0.028852,1,1,1,0.08125,0.08125,0.05,0.125
0.029035,1,1,1,0.0815,0.0815,0.05,0.125
0.029217,1,1,1,0.08175,0.08175,0.05,0.125
0.0294,1,1,1,0.082,0.082,0.05,0.125
0.029582,1,1,1,0.08225,0.08225,0.05,0.125
0.029765,1,1,1,0.0825,0.0825,0.05,0.125
0.029947,1,1,1,0.08275,0.08275,0.05,0.125
0.03013,1,1,1,0.083,0.083,0.05,0.125
0.030312,1,1,1,0.08325,0.08325,0.05,0.125
0.030495,1,1,1,0.0835,0.0835,0.05,0.125
0.030677,1,1,1,0.08375,0.08375,0.05,0.125
0.03086,1,1,1,0.084,0.084,0.05,0.125
0.031042,1,1,1,0.08425,0.08425,0.05,0.125
0.031225,1,1,1,0.0845,0.0845,0.05,0.125
0.031407,1,1,1,0.08475,0.08475,0.05,0.125
0.03159,1,1,1,0.085,0.085,0.05,0.125
0.031791,1,1,1,0.08525,0.08525,0.05,0.125
0.031992,1,1,1,0.0855,0.0855,0.05,0.125
0.032194,1,1,1,0.08575,0.08575,0.05,0.125
0.032395,1,1,1,0.086,0.086,0.05,0.125
0.032597,1,1,1,0.08625,0.08625,0.05,0.125
0.032798,1,1,1,0.0865,0.0865,0.05,0.125
0.032999,1,1,1,0.08675,0.08675,0.05,0.125
0.033201,1,1,1,0.087,0.087,0.05,0.125
0.033402,1,1,1,0.08725,0.08725,0.05,0.125
0.033604,1,1,1,0.0875,0.0875,0.05,0.125
0.033805,1,1,1,0.08775,0.08775,0.05,0.125
0.034006,1,1,1,0.088,0.088,0.05,0.125
0.034208,1,1,1,0.08825,0.08825,0.05,0.125
0.034409,1,1,1,0.0885,0.0885,0.05,0.125
0.034611,1,1,1,0.08875,0.08875,0.05,0.125
0.034812,1,1,1,0.089,0.089,0.05,0.125
0.035013,1,1,1,0.08925,0.08925,0.05,0.125
0.035215,1,1,1,0.0895,0.0895,0.05,0.125
0.035416,1,1,1,0.08975,0.08975,0.05,0.125
0.035618,1,1,1,0.09,0.09,0.05,0.125
0.03584,1,1,1,0.09025,0.09025,0.05,0.125
0.036062,1,1,1,0.0905,0.0905,0.05,0.125
0.036284,1,1,1,0.09075,0.09075,0.05,0.125
0.036507,1,1,1,0.091,0.091,0.05,0.125
0.036729,1,1,1,0.09125,0.09125,0.05,0.125
0.036951,1,1,1,0.0915,0.0915,0.05,0.125
0.037174,1,1,1,0.09175,0.09175,0.05,0.125
0.037396,1,1,1,0.092,0.092,0.05,0.125
0.037618,1,1,1,0.09225,0.09225,0.05,0.125
0.03784,1,1,1,0.0925,0.0925,0.05,0.125
0.038063,1,1,1,0.09275,0.09275,0.05,0.125
0.038285,1,1,1,0.093,0.093,0.05,0.125
0.038507,1,1,1,0.09325,0.09325,0.05,0.125
0.03873,1,1,1,0.0935,0.0935,0.05,0.125
0.038952,1,1,1,0.09375,0.09375,0.05,0.125
0.039174,1,1,1,0.094,0.094,0.05,0.125
0.039396,1,1,1,0.09425,0.09425,0.05,0.125
0.039619,1,1,1,0.0945,0.0945,0.05,0.125
0.039841,1,1,1,0.09475,0.09475,0.05,0.125
0.040063,1,1,1,0.095,0.095,0.05,0.125
0.040309,1,1,1,0.09525,0.09525,0.05,0.125
0.040554,1,1,1,0.0955,0.0955,0.05,0.125
0.040799,1,1,1,0.09575,0.09575,0.05,0.125
0.041045,1,1,1,0.096,0.096,0.05,0.125
0.04129,1,1,1,0.09625,0.09625,0.05,0.125
0.041535,1,1,1,0.0965,0.0965,0.05,0.125
0.04178,1,1,1,0.09675,0.09675,0.05,0.125
0.042026,1,1,1,0.097,0.097,0.05,0.125
0.042271,1,1,1,0.09725,0.09725,0.05,0.125
0.042516,1,1,1,0.0975,0.0975,0.05,0.125
0.042762,1,1,1,0.09775,0.09775,0.05,0.125
0.043007,1,1,1,0.098,0.098,0.05,0.125
0.043252,1,1,1,0.09825,0.09825,0.05,0.125
0.043498,1,1,1,0.0985,0.0985,0.05,0.125
0.043743,1,1,1,0.09875,0.09875,0.05,0.125
0.043988,1,1,1,0.099,0.099,0.05,0.125
0.044234,1,1,1,0.09925,0.09925,0.05,0.125
0.044479,1,1,1,0.0995,0.0995,0.05,0.125
0.044724,1,1,1,0.09975,0.09975,0.05,0.125
0.04497,1,1,1,0.1,0.1,0.05,0.125
0.04524,1,1,1,0.10025,0.10025,0.05,0.125
0.045511,1,1,1,0.1005,0.1005,0.05,0.125
0.045782,1,1,1,0.10075,0.10075,0.05,0.125
0.046053,1,1,1,0.101,0.101,0.05,0.125
0.046323,1,1,1,0.10125,0.10125,0.05,0.125
0.046594,1,1,1,0.1015,0.1015,0.05,0.125
0.046865,1,1,1,0.10175,0.10175,0.05,0.125
0.047136,1,1,1,0.102,0.102,0.05,0.125
0.047406,1,1,1,0.10225,0.10225,0.05,0.125
0.047677,1,1,1,0.1025,0.1025,0.05,0.125
0.047948,1,1,1,0.10275,0.10275,0.05,0.125
0.048219,1,1,1,0.103,0.103,0.05,0.125
0.048489,1,1,1,0.10325,0.10325,0.05,0.125
0.04876,1,1,1,0.1035,0.1035,0.05,0.125
0.049031,1,1,1,0.10375,0.10375,0.05,0.125
0.049302,1,1,1,0.104,0.104,0.05,0.125
0.049573,1,1,1,0.10425,0.10425,0.05,0.125
0.049843,1,1,1,0.1045,0.1045,0.05,0.125
0.050114,1,1,1,0.10475,0.10475,0.05,0.125
0.050385,1,1,1,0.105,0.105,0.05,0.125
0.050684,1,1,1,0.10525,0.10525,0.05,0.125
0.050982,1,1,1,0.1055,0.1055,0.05,0.125
0.051281,1,1,1,0.10575,0.10575,0.05,0.125
0.05158,1,1,1,0.106,0.106,0.05,0.125
0.051879,1,1,1,0.10625,0.10625,0.05,0.125
0.052178,1,1,1,0.1065,0.1065,0.05,0.125
0.052477,1,1,1,0.10675,0.10675,0.05,0.125
0.052775,1,1,1,0.107,0.107,0.05,0.125
0.053074,1,1,1,0.10725,0.10725,0.05,0.125
0.053373,1,1,1,0.1075,0.1075,0.05,0.125
0.053672,1,1,1,0.10775,0.10775,0.05,0.125
0.053971,1,1,1,0.108,0.108,0.05,0.125
0.054269,1,1,1,0.10825,0.10825,0.05,0.125
0.054568,1,1,1,0.1085,0.1085,0.05,0.125
0.054867,1,1,1,0.10875,0.10875,0.05,0.125
0.055166,1,1,1,0.109,0.109,0.05,0.125
0.055465,1,1,1,0.10925,0.10925,0.05,0.125
0.055764,1,1,1,0.1095,0.1095,0.05,0.125
0.056062,1,1,1,0.10975,0.10975,0.05,0.125
0.056361,1,1,1,0.11,0.11,0.05,0.125
0.056691,1,1,1,0.11025,0.11025,0.05,0.125
0.057021,1,1,1,0.1105,0.1105,0.05,0.125
0.057351,1,1,1,0.11075,0.11075,0.05,0.125
0.05768,1,1,1,0.111,0.111,0.05,0.125
0.05801,1,1,1,0.11125,0.11125,0.05,0.125
0.05834,1,1,1,0.1115,0.1115,0.05,0.125
0.05867,1,1,1,0.11175,0.11175,0.05,0.125
0.059,1,1,1,0.112,0.112,0.05,0.125
0.05933,1,1,1,0.11225,0.11225,0.05,0.125
0.059659,1,1,1,0.1125,0.1125,0.05,0.125
0.059989,1,1,1,0.11275,0.11275,0.05,0.125
0.060319,1,1,1,0.113,0.113,0.05,0.125
0.060649,1,1,1,0.11325,0.11325,0.05,0.125
0.060979,1,1,1,0.1135,0.1135,0.05,0.125
0.061308,1,1,1,0.11375,0.11375,0.05,0.125
0.061638,1,1,1,0.114,0.114,0.05,0.125
0.061968,1,1,1,0.11425,0.11425,0.05,0.125
0.062298,1,1,1,0.1145,0.1145,0.05,0.125
0.062628,1,1,1,0.11475,0.11475,0.05,0.125
0.062957,1,1,1,0.115,0.115,0.05,0.125
0.063321,1,1,1,0.11525,0.11525,0.05,0.125
0.063685,1,1,1,0.1155,0.1155,0.05,0.125
0.064049,1,1,1,0.11575,0.11575,0.05,0.125
0.064413,1,1,1,0.116,0.116,0.05,0.125
0.064777,1,1,1,0.11625,0.11625,0.05,0.125
0.065141,1,1,1,0.1165,0.1165,0.05,0.125
0.065505,1,1,1,0.11675,0.11675,0.05,0.125
0.065869,1,1,1,0.117,0.117,0.05,0.125
0.066233,1,1,1,0.11725,0.11725,0.05,0.125
0.066597,1,1,1,0.1175,0.1175,0.05,0.125
0.066961,1,1,1,0.11775,0.11775,0.05,0.125
0.067325,1,1,1,0.118,0.118,0.05,0.125
0.067689,1,1,1,0.11825,0.11825,0.05,0.125
0.068053,1,1,1,0.1185,0.1185,0.05,0.125
0.068417,1,1,1,0.11875,0.11875,0.05,0.125
0.068781,1,1,1,0.119,0.119,0.05,0.125
0.069145,1,1,1,0.11925,0.11925,0.05,0.125
0.069509,1,1,1,0.1195,0.1195,0.05,0.125
0.069873,1,1,1,0.11975,0.11975,0.05,0.125
0.070237,1,1,1,0.12,0.12,0.05,0.125
0.070639,1,1,1,0.12025,0.12025,0.05,0.125
0.071041,1,1,1,0.1205,0.1205,0.05,0.125
0.071442,1,1,1,0.12075,0.12075,0.05,0.125
0.071844,1,1,1,0.121,0.121,0.05,0.125
0.072246,1,1,1,0.12125,0.12125,0.05,0.125
0.072648,1,1,1,0.1215,0.1215,0.05,0.125
0.073049,1,1,1,0.12175,0.12175,0.05,0.125
0.073451,1,1,1,0.122,0.122,0.05,0.125
0.073853,1,1,1,0.12225,0.12225,0.05,0.125
0.074255,1,1,1,0.1225,0.1225,0.05,0.125
0.074656,1,1,1,0.12275,0.12275,0.05,0.125
0.075058,1,1,1,0.123,0.123,0.05,0.125
0.07546,1,1,1,0.12325,0.12325,0.05,0.125
0.075862,1,1,1,0.1235,0.1235,0.05,0.125
0.076263,1,1,1,0.12375,0.12375,0.05,0.125
0.076665,1,1,1,0.124,0.124,0.05,0.125
0.077067,1,1,1,0.12425,0.12425,0.05,0.125
0.077468,1,1,1,0.1245,0.1245,0.05,0.125
0.07787,1,1,1,0.12475,0.12475,0.05,0.125
0.078272,1,1,1,0.125,0.125,0.05,0.125
0.078715,1,1,1,0.12525,0.12525,0.05,0.125
0.079159,1,1,1,0.1255,0.1255,0.05,0.125
0.079602,1,1,1,0.12575,0.12575,0.05,0.125
0.080045,1,1,1,0.126,0.126,0.05,0.125
0.080489,1,1,1,0.12625,0.12625,0.05,0.125
0.080932,1,1,1,0.1265,0.1265,0.05,0.125
0.081376,1,1,1,0.12675,0.12675,0.05,0.125
0.081819,1,1,1,0.127,0.127,0.05,0.125
0.082262,1,1,1,0.12725,0.12725,0.05,0.125
0.082706,1,1,1,0.1275,0.1275,0.05,0.125
0.083149,1,1,1,0.12775,0.12775,0.05,0.125
0.083592,1,1,1,0.128,0.128,0.05,0.125
0.084036,1,1,1,0.12825,0.12825,0.05,0.125
0.084479,1,1,1,0.1285,0.1285,0.05,0.125
0.084923,1,1,1,0.12875,0.12875,0.05,0.125
0.085366,1,1,1,0.129,0.129,0.05,0.125
0.085809,1,1,1,0.12925,0.12925,0.05,0.125
0.086253,1,1,1,0.1295,0.1295,0.05,0.125
0.086696,1,1,1,0.12975,0.12975,0.05,0.125
0.08714,1,1,1,0.13,0.13,0.05,0.125
0.087629,1,1,1,0.13025,0.13025,0.05,0.125
0.088118,1,1,1,0.1305,0.1305,0.05,0.125
0.088608,1,1,1,0.13075,0.13075,0.05,0.125
0.089097,1,1,1,0.131,0.131,0.05,0.125
0.089586,1,1,1,0.13125,0.13125,0.05,0.125
0.090076,1,1,1,0.1315,0.1315,0.05,0.125
0.090565,1,1,1,0.13175,0.13175,0.05,0.125
0.091054,1,1,1,0.132,0.132,0.05,0.125
0.091544,1,1,1,0.13225,0.13225,0.05,0.125
0.092033,1,1,1,0.1325,0.1325,0.05,0.125
0.092522,1,1,1,0.13275,0.13275,0.05,0.125
0.093012,1,1,1,0.133,0.133,0.05,0.125
0.093501,1,1,1,0.13325,0.13325,0.05,0.125
0.09399,1,1,1,0.1335,0.1335,0.05,0.125
0.09448,1,1,1,0.13375,0.13375,0.05,0.125
0.094969,1,1,1,0.134,0.134,0.05,0.125
0.095458,1,1,1,0.13425,0.13425,0.05,0.125
0.095948,1,1,1,0.1345,0.1345,0.05,0.125
0.096437,1,1,1,0.13475,0.13475,0.05,0.125
0.096926,1,1,1,0.135,0.135,0.05,0.125
0.097466,1,1,1,0.13525,0.13525,0.05,0.125
0.098007,1,1,1,0.1355,0.1355,0.05,0.125
0.098547,1,1,1,0.13575,0.13575,0.05,0.125
0.099087,1,1,1,0.136,0.136,0.05,0.125
0.099627,1,1,1,0.13625,0.13625,0.05,0.125
0.10017,1,1,1,0.1365,0.1365,0.05,0.125
0.10071,1,1,1,0.13675,0.13675,0.05,0.125
0.10125,1,1,1,0.137,0.137,0.05,0.125
0.10179,1,1,1,0.13725,0.13725,0.05,0.125
0.10233,1,1,1,0.1375,0.1375,0.05,0.125
0.10287,1,1,1,0.13775,0.13775,0.05,0.125
0.10341,1,1,1,0.138,0.138,0.05,0.125
0.10395,1,1,1,0.13825,0.13825,0.05,0.125
0.10449,1,1,1,0.1385,0.1385,0.05,0.125
0.10503,1,1,1,0.13875,0.13875,0.05,0.125
0.10557,1,1,1,0.139,0.139,0.05,0.125
0.10611,1,1,1,0.13925,0.13925,0.05,0.125
0.10665,1,1,1,0.1395,0.1395,0.05,0.125
0.10719,1,1,1,0.13975,0.13975,0.05,0.125
0.10773,1,1,1,0.14,0.14,0.05,0.125
0.10832,1,1,1,0.14025,0.14025,0.05,0.125
0.10892,1,1,1,0.1405,0.1405,0.05,0.125
0.10952,1,1,1,0.14075,0.14075,0.05,0.125
0.11011,1,1,1,0.141,0.141,0.05,0.125
0.11071,1,1,1,0.14125,0.14125,0.05,0.125
0.1113,1,1,1,0.1415,0.1415,0.05,0.125
0.1119,1,1,1,0.14175,0.14175,0.05,0.125
0.1125,1,1,1,0.142,0.142,0.05,0.125
0.11309,1,1,1,0.14225,0.14225,0.05,0.125
0.11369,1,1,1,0.1425,0.1425,0.05,0.125
0.11428,1,1,1,0.14275,0.14275,0.05,0.125
0.11488,1,1,1,0.143,0.143,0.05,0.125
0.11548,1,1,1,0.14325,0.14325,0.05,0.125
0.11607,1,1,1,0.1435,0.1435,0.05,0.125
0.11667,1,1,1,0.14375,0.14375,0.05,0.125
0.11727,1,1,1,0.144,0.144,0.05,0.125
0.11786,1,1,1,0.14425,0.14425,0.05,0.125
0.11846,1,1,1,0.1445,0.1445,0.05,0.125
0.11905,1,1,1,0.14475,0.14475,0.05,0.125
0.11965,1,1,1,0.145,0.145,0.05,0.125
0.12031,1,1,1,0.14525,0.14525,0.05,0.125
0.12097,1,1,1,0.1455,0.1455,0.05,0.125
0.12162,1,1,1,0.14575,0.14575,0.05,0.125
0.12228,1,1,1,0.146,0.146,0.05,0.125
0.12294,1,1,1,0.14625,0.14625,0.05,0.125
0.1236,1,1,1,0.1465,0.1465,0.05,0.125
0.12425,1,1,1,0.14675,0.14675,0.05,0.125
0.12491,1,1,1,0.147,0.147,0.05,0.125
0.12557,1,1,1,0.14725,0.14725,0.05,0.125
0.12623,1,1,1,0.1475,0.1475,0.05,0.125
0.12689,1,1,1,0.14775,0.14775,0.05,0.125
0.12754,1,1,1,0.148,0.148,0.05,0.125
0.1282,1,1,1,0.14825,0.14825,0.05,0.125
0.12886,1,1,1,0.1485,0.1485,0.05,0.125
0.12952,1,1,1,0.14875,0.14875,0.05,0.125
0.13018,1,1,1,0.149,0.149,0.05,0.125
0.13083,1,1,1,0.14925,0.14925,0.05,0.125
0.13149,1,1,1,0.1495,0.1495,0.05,0.125
0.13215,1,1,1,0.14975,0.14975,0.05,0.125
0.13281,1,1,1,0.15,0.15,0.05,0.125
0.13353,1,1,1,0.15025,0.15025,0.05,0.125
0.13426,1,1,1,0.1505,0.1505,0.05,0.125
0.13498,1,1,1,0.15075,0.15075,0.05,0.125
0.13571,1,1,1,0.151,0.151,0.05,0.125
0.13644,1,1,1,0.15125,0.15125,0.05,0.125
0.13716,1,1,1,0.1515,0.1515,0.05,0.125
0.13789,1,1,1,0.15175,0.15175,0.05,0.125
0.13862,1,1,1,0.152,0.152,0.05,0.125
0.13934,1,1,1,0.15225,0.15225,0.05,0.125
0.14007,1,1,1,0.1525,0.1525,0.05,0.125
0.14079,1,1,1,0.15275,0.15275,0.05,0.125
0.14152,1,1,1,0.153,0.153,0.05,0.125
0.14225,1,1,1,0.15325,0.15325,0.05,0.125
0.14297,1,1,1,0.1535,0.1535,0.05,0.125
0.1437,1,1,1,0.15375,0.15375,0.05,0.125
0.14442,1,1,1,0.154,0.154,0.05,0.125
0.14515,1,1,1,0.15425,0.15425,0.05,0.125
0.14588,1,1,1,0.1545,0.1545,0.05,0.125
0.1466,1,1,1,0.15475,0.15475,0.05,0.125
0.14733,1,1,1,0.155,0.155,0.05,0.125
0.14813,1,1,1,0.15525,0.15525,0.05,0.125
0.14893,1,1,1,0.1555,0.1555,0.05,0.125
0.14973,1,1,1,0.15575,0.15575,0.05,0.125
0.15053,1,1,1,0.156,0.156,0.05,0.125
0.15133,1,1,1,0.15625,0.15625,0.05,0.125
0.15214,1,1,1,0.1565,0.1565,0.05,0.125
0.15294,1,1,1,0.15675,0.15675,0.05,0.125
0.15374,1,1,1,0.157,0.157,0.05,0.125
0.15454,1,1,1,0.15725,0.15725,0.05,0.125
0.15534,1,1,1,0.1575,0.1575,0.05,0.125
0.15614,1,1,1,0.15775,0.15775,0.05,0.125
0.15694,1,1,1,0.158,0.158,0.05,0.125
0.15775,1,1,1,0.15825,0.15825,0.05,0.125
0.15855,1,1,1,0.1585,0.1585,0.05,0.125
0.15935,1,1,1,0.15875,0.15875,0.05,0.125
0.16015,1,1,1,0.159,0.159,0.05,0.125
0.16095,1,1,1,0.15925,0.15925,0.05,0.125
0.16175,1,1,1,0.1595,0.1595,0.05,0.125
0.16255,1,1,1,0.15975,0.15975,0.05,0.125
0.16335,1,1,1,0.16,0.16,0.05,0.125
0.16424,1,1,1,0.16025,0.16025,0.05,0.125
0.16512,1,1,1,0.1605,0.1605,0.05,0.125
0.16601,1,1,1,0.16075,0.16075,0.05,0.125
0.16689,1,1,1,0.161,0.161,0.05,0.125
0.16778,1,1,1,0.16125,0.16125,0.05,0.125
0.16866,1,1,1,0.1615,0.1615,0.05,0.125
0.16955,1,1,1,0.16175,0.16175,0.05,0.125
0.17043,1,1,1,0.162,0.162,0.05,0.125
0.17131,1,1,1,0.16225,0.16225,0.05,0.125
0.1722,1,1,1,0.1625,0.1625,0.05,0.125
0.17308,1,1,1,0.16275,0.16275,0.05,0.125
0.17397,1,1,1,0.163,0.163,0.05,0.125
0.17485,1,1,1,0.16325,0.16325,0.05,0.125
0.17574,1,1,1,0.1635,0.1635,0.05,0.125
0.17662,1,1,1,0.16375,0.16375,0.05,0.125
0.17751,1,1,1,0.164,0.164,0.05,0.125
0.17839,1,1,1,0.16425,0.16425,0.05,0.125
0.17927,1,1,1,0.1645,0.1645,0.05,0.125
0.18016,1,1,1,0.16475,0.16475,0.05,0.125
0.18104,1,1,1,0.165,0.165,0.05,0.125
0.18202,1,1,1,0.16525,0.16525,0.05,0.125
0.183,1,1,1,0.1655,0.1655,0.05,0.125
0.18397,1,1,1,0.16575,0.16575,0.05,0.125
0.18495,1,1,1,0.166,0.166,0.05,0.125
0.18592,1,1,1,0.16625,0.16625,0.05,0.125
0.1869,1,1,1,0.1665,0.1665,0.05,0.125
0.18788,1,1,1,0.16675,0.16675,0.05,0.125
0.18885,1,1,1,0.167,0.167,0.05,0.125
0.18983,1,1,1,0.16725,0.16725,0.05,0.125
0.1908,1,1,1,0.1675,0.1675,0.05,0.125
0.19178,1,1,1,0.16775,0.16775,0.05,0.125
0.19276,1,1,1,0.168,0.168,0.05,0.125
0.19373,1,1,1,0.16825,0.16825,0.05,0.125
0.19471,1,1,1,0.1685,0.1685,0.05,0.125
0.19568,1,1,1,0.16875,0.16875,0.05,0.125
0.19666,1,1,1,0.169,0.169,0.05,0.125
0.19764,1,1,1,0.16925,0.16925,0.05,0.125
0.19861,1,1,1,0.1695,0.1695,0.05,0.125
0.19959,1,1,1,0.16975,0.16975,0.05,0.125
0.20056,1,1,1,0.17,0.17,0.05,0.125
0.20164,1,1,1,0.17025,0.17025,0.05,0.125
0.20272,1,1,1,0.1705,0.1705,0.05,0.125
0.2038,1,1,1,0.17075,0.17075,0.05,0.125
0.20487,1,1,1,0.171,0.171,0.05,0.125
0.20595,1,1,1,0.17125,0.17125,0.05,0.125
0.20703,1,1,1,0.1715,0.1715,0.05,0.125
0.20811,1,1,1,0.17175,0.17175,0.05,0.125
0.20918,1,1,1,0.172,0.172,0.05,0.125
0.21026,1,1,1,0.17225,0.17225,0.05,0.125
0.21134,1,1,1,0.1725,0.1725,0.05,0.125
0.21242,1,1,1,0.17275,0.17275,0.05,0.125
0.21349,1,1,1,0.173,0.173,0.05,0.125
0.21457,1,1,1,0.17325,0.17325,0.05,0.125
0.21565,1,1,1,0.1735,0.1735,0.05,0.125
0.21672,1,1,1,0.17375,0.17375,0.05,0.125
0.2178,1,1,1,0.174,0.174,0.05,0.125
0.21888,1,1,1,0.17425,0.17425,0.05,0.125
0.21996,1,1,1,0.1745,0.1745,0.05,0.125
0.22103,1,1,1,0.17475,0.17475,0.05,0.125
0.22211,1,1,1,0.175,0.175,0.05,0.125
0.2233,1,1,1,0.17525,0.17525,0.05,0.125
0.22449,1,1,1,0.1755,0.1755,0.05,0.125
0.22568,1,1,1,0.17575,0.17575,0.05,0.125
0.22687,1,1,1,0.176,0.176,0.05,0.125
0.22806,1,1,1,0.17625,0.17625,0.05,0.125
0.22924,1,1,1,0.1765,0.1765,0.05,0.125
0.23043,1,1,1,0.17675,0.17675,0.05,0.125
0.23162,1,1,1,0.177,0.177,0.05,0.125
0.23281,1,1,1,0.17725,0.17725,0.05,0.125
0.234,1,1,1,0.1775,0.1775,0.05,0.125
0.23519,1,1,1,0.17775,0.17775,0.05,0.125
0.23638,1,1,1,0.178,0.178,0.05,0.125
0.23757,1,1,1,0.17825,0.17825,0.05,0.125
0.23876,1,1,1,0.1785,0.1785,0.05,0.125
0.23995,1,1,1,0.17875,0.17875,0.05,0.125
0.24113,1,1,1,0.179,0.179,0.05,0.125
0.24232,1,1,1,0.17925,0.17925,0.05,0.125
0.24351,1,1,1,0.1795,0.1795,0.05,0.125
0.2447,1,1,1,0.17975,0.17975,0.05,0.125
0.24589,1,1,1,0.18,0.18,0.05,0.125
0.2472,1,1,1,0.18025,0.18025,0.05,0.125
0.24851,1,1,1,0.1805,0.1805,0.05,0.125
0.24983,1,1,1,0.18075,0.18075,0.05,0.125
0.25114,1,1,1,0.181,0.181,0.05,0.125
0.25245,1,1,1,0.18125,0.18125,0.05,0.125
0.25376,1,1,1,0.1815,0.1815,0.05,0.125
0.25508,1,1,1,0.18175,0.18175,0.05,0.125
0.25639,1,1,1,0.182,0.182,0.05,0.125
0.2577,1,1,1,0.18225,0.18225,0.05,0.125
0.25901,1,1,1,0.1825,0.1825,0.05,0.125
0.26033,1,1,1,0.18275,0.18275,0.05,0.125
0.26164,1,1,1,0.183,0.183,0.05,0.125
0.26295,1,1,1,0.18325,0.18325,0.05,0.125
0.26426,1,1,1,0.1835,0.1835,0.05,0.125
0.26557,1,1,1,0.18375,0.18375,0.05,0.125
0.26689,1,1,1,0.184,0.184,0.05,0.125
0.2682,1,1,1,0.18425,0.18425,0.05,0.125
0.26951,1,1,1,0.1845,0.1845,0.05,0.125
0.27082,1,1,1,0.18475,0.18475,0.05,0.125
0.27214,1,1,1,0.185,0.185,0.05,0.125
0.27358,1,1,1,0.18525,0.18525,0.05,0.125
0.27503,1,1,1,0.1855,0.1855,0.05,0.125
0.27648,1,1,1,0.18575,0.18575,0.05,0.125
0.27793,1,1,1,0.186,0.186,0.05,0.125
0.27938,1,1,1,0.18625,0.18625,0.05,0.125
0.28083,1,1,1,0.1865,0.1865,0.05,0.125
0.28227,1,1,1,0.18675,0.18675,0.05,0.125
0.28372,1,1,1,0.187,0.187,0.05,0.125
0.28517,1,1,1,0.18725,0.18725,0.05,0.125
0.28662,1,1,1,0.1875,0.1875,0.05,0.125
0.28807,1,1,1,0.18775,0.18775,0.05,0.125
0.28951,1,1,1,0.188,0.188,0.05,0.125
0.29096,1,1,1,0.18825,0.18825,0.05,0.125
0.29241,1,1,1,0.1885,0.1885,0.05,0.125
0.29386,1,1,1,0.18875,0.18875,0.05,0.125
0.29531,1,1,1,0.189,0.189,0.05,0.125
0.29676,1,1,1,0.18925,0.18925,0.05,0.125
0.2982,1,1,1,0.1895,0.1895,0.05,0.125
0.29965,1,1,1,0.18975,0.18975,0.05,0.125
0.3011,1,1,1,0.19,0.19,0.05,0.125
0.3027,1,1,1,0.19025,0.19025,0.05,0.125
0.3043,1,1,1,0.1905,0.1905,0.05,0.125
0.3059,1,1,1,0.19075,0.19075,0.05,0.125
0.30749,1,1,1,0.191,0.191,0.05,0.125
0.30909,1,1,1,0.19125,0.19125,0.05,0.125
0.31069,1,1,1,0.1915,0.1915,0.05,0.125
0.31229,1,1,1,0.19175,0.19175,0.05,0.125
0.31389,1,1,1,0.192,0.192,0.05,0.125
0.31549,1,1,1,0.19225,0.19225,0.05,0.125
0.31709,1,1,1,0.1925,0.1925,0.05,0.125
0.31868,1,1,1,0.19275,0.19275,0.05,0.125
0.32028,1,1,1,0.193,0.193,0.05,0.125
0.32188,1,1,1,0.19325,0.19325,0.05,0.125
0.32348,1,1,1,0.1935,0.1935,0.05,0.125
0.32508,1,1,1,0.19375,0.19375,0.05,0.125
0.32668,1,1,1,0.194,0.194,0.05,0.125
0.32827,1,1,1,0.19425,0.19425,0.05,0.125
0.32987,1,1,1,0.1945,0.1945,0.05,0.125
0.33147,1,1,1,0.19475,0.19475,0.05,0.125
0.33307,1,1,1,0.195,0.195,0.05,0.125
0.33483,1,1,1,0.19525,0.19525,0.05,0.125
0.3366,1,1,1,0.1955,0.1955,0.05,0.125
0.33836,1,1,1,0.19575,0.19575,0.05,0.125
0.34013,1,1,1,0.196,0.196,0.05,0.125
0.34189,1,1,1,0.19625,0.19625,0.05,0.125
0.34365,1,1,1,0.1965,0.1965,0.05,0.125
0.34542,1,1,1,0.19675,0.19675,0.05,0.125
0.34718,1,1,1,0.197,0.197,0.05,0.125
0.34895,1,1,1,0.19725,0.19725,0.05,0.125
0.35071,1,1,1,0.1975,0.1975,0.05,0.125
0.35248,1,1,1,0.19775,0.19775,0.05,0.125
0.35424,1,1,1,0.198,0.198,0.05,0.125
0.356,1,1,1,0.19825,0.19825,0.05,0.125
0.35777,1,1,1,0.1985,0.1985,0.05,0.125
0.35953,1,1,1,0.19875,0.19875,0.05,0.125
0.3613,1,1,1,0.199,0.199,0.05,0.125
0.36306,1,1,1,0.19925,0.19925,0.05,0.125
0.36482,1,1,1,0.1995,0.1995,0.05,0.125
0.36659,1,1,1,0.19975,0.19975,0.05,0.125
0.36835,1,1,1,0.2,0.2,0.05,0.125
0.3703,1,1,1,0.20025,0.20025,0.05,0.125
0.37225,1,1,1,0.2005,0.2005,0.05,0.125
0.37419,1,1,1,0.20075,0.20075,0.05,0.125
0.37614,1,1,1,0.201,0.201,0.05,0.125
0.37809,1,1,1,0.20125,0.20125,0.05,0.125
0.38003,1,1,1,0.2015,0.2015,0.05,0.125
0.38198,1,1,1,0.20175,0.20175,0.05,0.125
0.38393,1,1,1,0.202,0.202,0.05,0.125
0.38588,1,1,1,0.20225,0.20225,0.05,0.125
0.38782,1,1,1,0.2025,0.2025,0.05,0.125
0.38977,1,1,1,0.20275,0.20275,0.05,0.125
0.39172,1,1,1,0.203,0.203,0.05,0.125
0.39366,1,1,1,0.20325,0.20325,0.05,0.125
0.39561,1,1,1,0.2035,0.2035,0.05,0.125
0.39756,1,1,1,0.20375,0.20375,0.05,0.125
0.39951,1,1,1,0.204,0.204,0.05,0.125
0.40145,1,1,1,0.20425,0.20425,0.05,0.125
0.4034,1,1,1,0.2045,0.2045,0.05,0.125
0.40535,1,1,1,0.20475,0.20475,0.05,0.125
0.40729,1,1,1,0.205,0.205,0.05,0.125
0.40944,1,1,1,0.20525,0.20525,0.05,0.125
0.41159,1,1,1,0.2055,0.2055,0.05,0.125
0.41374,1,1,1,0.20575,0.20575,0.05,0.125
0.41589,1,1,1,0.206,0.206,0.05,0.125
0.41804,1,1,1,0.20625,0.20625,0.05,0.125
0.42019,1,1,1,0.2065,0.2065,0.05,0.125
0.42234,1,1,1,0.20675,0.20675,0.05,0.125
0.42448,1,1,1,0.207,0.207,0.05,0.125
0.42663,1,1,1,0.20725,0.20725,0.05,0.125
0.42878,1,1,1,0.2075,0.2075,0.05,0.125
0.43093,1,1,1,0.20775,0.20775,0.05,0.125
0.43308,1,1,1,0.208,0.208,0.05,0.125
0.43523,1,1,1,0.20825,0.20825,0.05,0.125
0.43738,1,1,1,0.2085,0.2085,0.05,0.125
0.43953,1,1,1,0.20875,0.20875,0.05,0.125
0.44168,1,1,1,0.209,0.209,0.05,0.125
0.44382,1,1,1,0.20925,0.20925,0.05,0.125
0.44597,1,1,1,0.2095,0.2095,0.05,0.125
0.44812,1,1,1,0.20975,0.20975,0.05,0.125
0.45027,1,1,1,0.21,0.21,0.05,0.125
0.45264,1,1,1,0.21025,0.21025,0.05,0.125
0.45501,1,1,1,0.2105,0.2105,0.05,0.125
0.45739,1,1,1,0.21075,0.21075,0.05,0.125
0.45976,1,1,1,0.211,0.211,0.05,0.125
0.46213,1,1,1,0.21125,0.21125,0.05,0.125
0.4645,1,1,1,0.2115,0.2115,0.05,0.125
0.46687,1,1,1,0.21175,0.21175,0.05,0.125
0.46924,1,1,1,0.212,0.212,0.05,0.125
0.47162,1,1,1,0.21225,0.21225,0.05,0.125
0.47399,1,1,1,0.2125,0.2125,0.05,0.125
0.47636,1,1,1,0.21275,0.21275,0.05,0.125
0.47873,1,1,1,0.213,0.213,0.05,0.125
0.4811,1,1,1,0.21325,0.21325,0.05,0.125
0.48347,1,1,1,0.2135,0.2135,0.05,0.125
0.48585,1,1,1,0.21375,0.21375,0.05,0.125
0.48822,1,1,1,0.214,0.214,0.05,0.125
0.49059,1,1,1,0.21425,0.21425,0.05,0.125
0.49296,1,1,1,0.2145,0.2145,0.05,0.125
0.49533,1,1,1,0.21475,0.21475,0.05,0.125
0.4977,1,1,1,0.215,0.215,0.05,0.125
0.50032,1,1,1,0.21525,0.21525,0.05,0.125
0.50294,1,1,1,0.2155,0.2155,0.05,0.125
0.50556,1,1,1,0.21575,0.21575,0.05,0.125
0.50817,1,1,1,0.216,0.216,0.05,0.125
0.51079,1,1,1,0.21625,0.21625,0.05,0.125
0.51341,1,1,1,0.2165,0.2165,0.05,0.125
0.51603,1,1,1,0.21675,0.21675,0.05,0.125
0.51864,1,1,1,0.217,0.217,0.05,0.125
0.52126,1,1,1,0.21725,0.21725,0.05,0.125
0.52388,1,1,1,0.2175,0.2175,0.05,0.125
0.5265,1,1,1,0.21775,0.21775,0.05,0.125
0.52912,1,1,1,0.218,0.218,0.05,0.125
0.53173,1,1,1,0.21825,0.21825,0.05,0.125
0.53435,1,1,1,0.2185,0.2185,0.05,0.125
0.53697,1,1,1,0.21875,0.21875,0.05,0.125
0.53959,1,1,1,0.219,0.219,0.05,0.125
0.5422,1,1,1,0.21925,0.21925,0.05,0.125
0.54482,1,1,1,0.2195,0.2195,0.05,0.125
0.54744,1,1,1,0.21975,0.21975,0.05,0.125
0.55006,1,1,1,0.22,0.22,0.05,0.125
0.55294,1,1,1,0.22025,0.22025,0.05,0.125
0.55583,1,1,1,0.2205,0.2205,0.05,0.125
0.55872,1,1,1,0.22075,0.22075,0.05,0.125
0.56161,1,1,1,0.221,0.221,0.05,0.125
0.5645,1,1,1,0.22125,0.22125,0.05,0.125
0.56739,1,1,1,0.2215,0.2215,0.05,0.125
0.57028,1,1,1,0.22175,0.22175,0.05,0.125
0.57317,1,1,1,0.222,0.222,0.05,0.125
0.57606,1,1,1,0.22225,0.22225,0.05,0.125
0.57894,1,1,1,0.2225,0.2225,0.05,0.125
0.58183,1,1,1,0.22275,0.22275,0.05,0.125
0.58472,1,1,1,0.223,0.223,0.05,0.125
0.58761,1,1,1,0.22325,0.22325,0.05,0.125
0.5905,1,1,1,0.2235,0.2235,0.05,0.125
0.59339,1,1,1,0.22375,0.22375,0.05,0.125
0.59628,1,1,1,0.224,0.224,0.05,0.125
0.59917,1,1,1,0.22425,0.22425,0.05,0.125
0.60206,1,1,1,0.2245,0.2245,0.05,0.125
0.60494,1,1,1,0.22475,0.22475,0.05,0.125
0.60783,1,1,1,0.225,0.225,0.05,0.125
0.61102,1,1,1,0.22525,0.22525,0.05,0.125
0.61421,1,1,1,0.2255,0.2255,0.05,0.125
0.6174,1,1,1,0.22575,0.22575,0.05,0.125
0.62059,1,1,1,0.226,0.226,0.05,0.125
0.62378,1,1,1,0.22625,0.22625,0.05,0.125
0.62696,1,1,1,0.2265,0.2265,0.05,0.125
0.63015,1,1,1,0.22675,0.22675,0.05,0.125
0.63334,1,1,1,0.227,0.227,0.05,0.125
0.63653,1,1,1,0.22725,0.22725,0.05,0.125
0.63972,1,1,1,0.2275,0.2275,0.05,0.125
0.64291,1,1,1,0.22775,0.22775,0.05,0.125
0.64609,1,1,1,0.228,0.228,0.05,0.125
0.64928,1,1,1,0.22825,0.22825,0.05,0.125
0.65247,1,1,1,0.2285,0.2285,0.05,0.125
0.65566,1,1,1,0.22875,0.22875,0.05,0.125
0.65885,1,1,1,0.229,0.229,0.05,0.125
0.66204,1,1,1,0.22925,0.22925,0.05,0.125
0.66522,1,1,1,0.2295,0.2295,0.05,0.125
0.66841,1,1,1,0.22975,0.22975,0.05,0.125
0.6716,1,1,1,0.23,0.23,0.05,0.125
0.67512,1,1,1,0.23025,0.23025,0.05,0.125
0.67864,1,1,1,0.2305,0.2305,0.05,0.125
0.68216,1,1,1,0.23075,0.23075,0.05,0.125
0.68568,1,1,1,0.231,0.231,0.05,0.125
0.6892,1,1,1,0.23125,0.23125,0.05,0.125
0.69272,1,1,1,0.2315,0.2315,0.05,0.125
0.69623,1,1,1,0.23175,0.23175,0.05,0.125
0.69975,1,1,1,0.232,0.232,0.05,0.125
0.70327,1,1,1,0.23225,0.23225,0.05,0.125
0.70679,1,1,1,0.2325,0.2325,0.05,0.125
0.71031,1,1,1,0.23275,0.23275,0.05,0.125
0.71383,1,1,1,0.233,0.233,0.05,0.125
0.71735,1,1,1,0.23325,0.23325,0.05,0.125
0.72087,1,1,1,0.2335,0.2335,0.05,0.125
0.72439,1,1,1,0.23375,0.23375,0.05,0.125
0.7279,1,1,1,0.234,0.234,0.05,0.125
0.73142,1,1,1,0.23425,0.23425,0.05,0.125
0.73494,1,1,1,0.2345,0.2345,0.05,0.125
0.73846,1,1,1,0.23475,0.23475,0.05,0.125
0.74198,1,1,1,0.235,0.235,0.05,0.125
0.74586,1,1,1,0.23525,0.23525,0.05,0.125
0.74975,1,1,1,0.2355,0.2355,0.05,0.125
0.75363,1,1,1,0.23575,0.23575,0.05,0.125
0.75752,1,1,1,0.236,0.236,0.05,0.125
0.7614,1,1,1,0.23625,0.23625,0.05,0.125
0.76528,1,1,1,0.2365,0.2365,0.05,0.125
0.76917,1,1,1,0.23675,0.23675,0.05,0.125
0.77305,1,1,1,0.237,0.237,0.05,0.125
0.77693,1,1,1,0.23725,0.23725,0.05,0.125
0.78082,1,1,1,0.2375,0.2375,0.05,0.125
0.7847,1,1,1,0.23775,0.23775,0.05,0.125
0.78859,1,1,1,0.238,0.238,0.05,0.125
0.79247,1,1,1,0.23825,0.23825,0.05,0.125
0.79635,1,1,1,0.2385,0.2385,0.05,0.125
0.80024,1,1,1,0.23875,0.23875,0.05,0.125
0.80412,1,1,1,0.239,0.239,0.05,0.125
0.80801,1,1,1,0.23925,0.23925,0.05,0.125
0.81189,1,1,1,0.2395,0.2395,0.05,0.125
0.81577,1,1,1,0.23975,0.23975,0.05,0.125
0.81966,1,1,1,0.24,0.24,0.05,0.125
0.82394,1,1,1,0.24025,0.24025,0.05,0.125
0.82823,1,1,1,0.2405,0.2405,0.05,0.125
0.83252,1,1,1,0.24075,0.24075,0.05,0.125
0.8368,1,1,1,0.241,0.241,0.05,0.125
0.84109,1,1,1,0.24125,0.24125,0.05,0.125
0.84537,1,1,1,0.2415,0.2415,0.05,0.125
0.84966,1,1,1,0.24175,0.24175,0.05,0.125
0.85395,1,1,1,0.242,0.242,0.05,0.125
0.85823,1,1,1,0.24225,0.24225,0.05,0.125
0.86252,1,1,1,0.2425,0.2425,0.05,0.125
0.86681,1,1,1,0.24275,0.24275,0.05,0.125
0.87109,1,1,1,0.243,0.243,0.05,0.125
0.87538,1,1,1,0.24325,0.24325,0.05,0.125
0.87967,1,1,1,0.2435,0.2435,0.05,0.125
0.88395,1,1,1,0.24375,0.24375,0.05,0.125
0.88824,1,1,1,0.244,0.244,0.05,0.125
0.89253,1,1,1,0.24425,0.24425,0.05,0.125
0.89681,1,1,1,0.2445,0.2445,0.05,0.125
0.9011,1,1,1,0.24475,0.24475,0.05,0.125
0.90538,1,1,1,0.245,0.245,0.05,0.125
0.91012,1,1,1,0.24525,0.24525,0.05,0.125
0.91485,1,1,1,0.2455,0.2455,0.05,0.125
0.91958,1,1,1,0.24575,0.24575,0.05,0.125
0.92431,1,1,1,0.246,0.246,0.05,0.125
0.92904,1,1,1,0.24625,0.24625,0.05,0.125
0.93377,1,1,1,0.2465,0.2465,0.05,0.125
0.9385,1,1,1,0.24675,0.24675,0.05,0.125
0.94323,1,1,1,0.247,0.247,0.05,0.125
0.94796,1,1,1,0.24725,0.24725,0.05,0.125
0.95269,1,1,1,0.2475,0.2475,0.05,0.125
0.95742,1,1,1,0.24775,0.24775,0.05,0.125
0.96215,1,1,1,0.248,0.248,0.05,0.125
0.96688,1,1,1,0.24825,0.24825,0.05,0.125
0.97162,1,1,1,0.2485,0.2485,0.05,0.125
0.97635,1,1,1,0.24875,0.24875,0.05,0.125
0.98108,1,1,1,0.249,0.249,0.05,0.125
0.98581,1,1,1,0.24925,0.24925,0.05,0.125
0.99054,1,1,1,0.2495,0.2495,0.05,0.125
0.99527,1,1,1,0.24975,0.24975,0.05,0.125
1,1,1,1,0.25,0.25,0.05,0.125
